project_key,source_row_number,mp_name,mp_name_canonical,mp_key,work_raw,work_clean,work_key,category,state,state_key,constituency,constituency_key,ida,ida_key,city,ward,block,village,locality,locality_key,recommended_date,allocation_amount,ida_approval,status,house,duplicate_group_key,exact_duplicate_group_count,is_exact_duplicate_candidate,data_quality_flags,source_dataset,allocation_amount_numeric,category_key,block_key,duplicate_location,duplicate_location_key,recommended_month,recommended_year,mp_allocated_amount,project_amount_as_pct_of_mp_allocation,mp_project_count,mp_total_recommended_amount,ida_project_count,ida_total_recommended_amount,state_project_count,state_total_recommended_amount,constituency_project_count,constituency_total_recommended_amount,mp_remaining_estimated_allocation,same_work_same_locality_count,same_work_same_duplicate_location_count,same_work_same_block_count,same_work_same_constituency_count,same_category_same_locality_count,same_category_same_block_count,same_category_same_constituency_count,same_mp_category_locality_count,same_ida_category_locality_count,same_type_location_month_count,same_mp_same_work_count,same_ida_same_work_count,same_mp_same_day_count,same_ida_same_day_count,same_work_same_day_count,locality_project_count,duplicate_location_project_count,location_duplicate_group_count,same_ida_locality_7day_sub5l_count,same_mp_locality_7day_sub5l_count,category_median_amount,state_category_median_amount,constituency_category_median_amount,amount_vs_category_median_ratio,amount_vs_state_category_median_ratio,amount_vs_constituency_category_median_ratio,missing_locality_flag,status_unsanctioned_flag,ida_pending_flag,is_sub_5_lakh,is_near_5_lakh,is_high_value_project,possible_text_duplicate,possible_type_location_duplicate,possible_cost_outlier,possible_split_sanction,possible_pending_risk,duplicate_risk_score,cost_risk_score,split_sanction_risk_score,pending_risk_score,risk_score_rule_based,risk_level_rule_based,weak_label_duplicate,weak_label_cost_outlier,weak_label_split_sanction,weak_label_pending,weak_label_any_risk,isolation_forest_raw_score,isolation_forest_risk_score,isolation_forest_anomaly_flag,model_duplicate_score,model_financial_rule_score,model_financial_isolation_score,model_financial_score,model_split_sanction_score,model_pending_score,model_risk_score,model_risk_level,model_reasons,mock_case_type,expected_risk_level,minimum_expected_risk_level,expected_reason
MOCK-NORMAL-001,1,Smt Seema Dwivedi,Seema Dwivedi,seema_dwivedi,WS/MP202/2023-2024/40681 - Improvement of electricity distribution infrastructure,Improvement of electricity distribution infrastructure,improvement_of_electricity_distribution_infrastructure,Normal/Others,Uttar Pradesh,uttar_pradesh,SITTING RAJYA SABHA,sitting_rajya_sabha,DISTRICT MAGISTRATE JAUNPUR_IDA,district_magistrate_jaunpur_ida,,,Maharaj Ganj,Uday Bhanpur,"Maharaj Ganj, Uday Bhanpur",maharaj_ganj_uday_bhanpur,2023-10-26,131000,Approved by IDA,Unsanctioned,Rajya Sabha,6a220101b6c2026c,1,false,,MOCK_VALIDATION,131000,normal_others,maharaj_ganj,Uday Bhanpur,uday_bhanpur,2023-10,2023,173830159.11,0.0008,57,36135287,234,158069158,5313,2961624043,10723,8317795158,137694872.11,1,1,1,77,1,2,10562,1,1,1,9,9,3,3,3,1,1,1,1,1,400000.0,224500.0,490000.0,0.3275,0.5835,0.2673,false,true,false,true,false,false,false,false,false,false,false,19,0.0,0,0,6.65,GREEN,false,false,false,false,false,-0.211664,54.68,False,12,0,0.0,0.0,0,0,3.6,GREEN,No trained baseline threshold crossed,normal,GREEN,GREEN,No planted anomaly
MOCK-NORMAL-002,2,Ramesh Chander Kaushik,Ramesh Chander Kaushik,ramesh_chander_kaushik,WS/MP592/2023-2024/15264 - Setting up public non-conventional energy plants,Setting up public non-conventional energy plants,setting_up_public_non_conventional_energy_plants,Normal/Others,Haryana,haryana,SONEPAT,sonepat,Deputy Commissioner Jind_IDA,deputy_commissioner_jind_ida,,,Jind,Ahirka (83),"Jind, Ahirka (83)",jind_ahirka_83,2023-09-02,392564,Approved by IDA,Unsanctioned,Lok Sabha,7d16551044698e4c,1,false,,MOCK_VALIDATION,392564,normal_others,jind,Ahirka (83),ahirka_83,2023-09,2023,0.0,0.0,131,80726721,146,68955825,1519,825501755,131,80726721,-80726721.0,1,1,3,61,1,12,122,1,1,1,61,23,57,24,55,1,1,1,1,1,400000.0,500000.0,392564.0,0.9814,0.7851,1.0,false,true,false,true,false,false,false,false,false,false,false,27,0.0,0,0,9.45,GREEN,false,false,false,false,false,-0.256127,0.31,False,20,0,0.0,0.0,0,0,6.0,GREEN,No trained baseline threshold crossed,normal,GREEN,GREEN,No planted anomaly
MOCK-NORMAL-003,4,Chunni lal Sahu,Chunni Lal Sahu,chunni_lal_sahu,NA - Construction of common work sheds/ common covered sitting area,Construction of common work sheds/ common covered sitting area,construction_of_common_work_sheds_common_covered_sitting_area,Normal/Others,Chhattisgarh,chhattisgarh,MAHASAMUND,mahasamund,DISTRICT COLLECTOR MAHASAMUND_IDA,district_collector_mahasamund_ida,,,Pithora,Gadbeda,"Pithora, Gadbeda",pithora_gadbeda,2023-12-21,500000,Action Pending,Unsanctioned,Lok Sabha,beb9ac4dcb44ed0f,1,false,,MOCK_VALIDATION,500000,normal_others,pithora,Gadbeda,gadbeda,2023-12,2023,0.0,0.0,76,41229533,45,24680000,1269,652370972,76,41229533,-41229533.0,1,1,1,6,1,11,76,1,1,1,6,3,21,12,17,1,1,1,0,0,400000.0,500000.0,500000.0,1.25,1.0,1.0,false,true,true,false,true,false,false,false,false,false,true,27,0.0,0,35,12.95,GREEN,false,false,false,true,false,-0.253148,4.33,False,20,0,0.0,0.0,20,45,15.5,GREEN,Project is unsanctioned with action pending,normal,GREEN,GREEN,No planted anomaly
MOCK-NORMAL-004,5,SHRI CM Ramesh,Cm Ramesh,cm_ramesh,WS/MP023/2023-2024/16174 - Installing community drinking water plants,Installing community drinking water plants,installing_community_drinking_water_plants,Normal/Others,Andhra Pradesh,andhra_pradesh,SITTING RAJYA SABHA,sitting_rajya_sabha,DISTRICT COLLECTOR CUDDAPAH_IDA,district_collector_cuddapah_ida,,,Peddamudium,Balapana Gudur,"Peddamudium, Balapana Gudur",peddamudium_balapana_gudur,2023-09-04,225000,Approved by IDA,Unsanctioned,Rajya Sabha,100a72aa9f88e175,1,false,,MOCK_VALIDATION,225000,normal_others,peddamudium,Balapana Gudur,balapana_gudur,2023-09,2023,0.0,0.0,98,101748356,169,225247356,3131,2344937649,10723,8317795158,-101748356.0,1,1,2,220,1,2,10562,1,1,1,47,47,24,19,26,1,1,1,1,1,400000.0,500000.0,490000.0,0.5625,0.45,0.4592,false,true,false,true,false,false,false,false,false,false,false,19,0.0,0,0,6.65,GREEN,false,false,false,false,false,-0.222334,46.11,False,12,0,0.0,0.0,0,0,3.6,GREEN,No trained baseline threshold crossed,normal,GREEN,GREEN,No planted anomaly
MOCK-NORMAL-005,9,Ramesh Chandappa Jigajinagi,Ramesh Chandappa Jigajinagi,ramesh_chandappa_jigajinagi,NA - Construction of rooms and halls in school and colleges,Construction of rooms and halls in school and colleges,construction_of_rooms_and_halls_in_school_and_colleges,Normal/Others,Karnataka,karnataka,BIJAPUR(SC),bijapur_sc,DEPUTY COMMISSIONER BIJAPUR_IDA,deputy_commissioner_bijapur_ida,,,Indi,Sangogi,"Indi, Sangogi",indi_sangogi,2024-01-14,250000,Action Pending,Unsanctioned,Lok Sabha,5b09a368dcd3d78e,1,false,,MOCK_VALIDATION,250000,normal_others,indi,Sangogi,sangogi,2024-01,2024,269500000.0,0.0009,325,86570000,325,86570000,3121,1670831193,325,86570000,182930000.0,1,1,10,80,1,49,325,1,1,1,80,80,5,5,5,1,1,1,1,1,400000.0,500000.0,250000.0,0.625,0.5,1.0,false,true,true,true,false,false,false,false,false,false,true,27,0.0,0,35,12.95,GREEN,false,false,false,true,false,-0.215002,52.23,False,20,0,0.0,0.0,0,45,10.5,GREEN,Project is unsanctioned with action pending,normal,GREEN,GREEN,No planted anomaly
MOCK-NORMAL-006,10,Chaudhary Mehboob Ali Kaiser,Chaudhary Mehboob Ali Kaiser,chaudhary_mehboob_ali_kaiser,WS/MP542/2023-2024/15099 - Lighting of public spaces,Lighting of public spaces,lighting_of_public_spaces,Normal/Others,Bihar,bihar,KHAGARIA,khagaria,DISTRICT PLANNING OFFICER KHAGARIA_IDA,district_planning_officer_khagaria_ida,Khagaria,5,,,"Khagaria, 5",khagaria_5,2023-09-02,210000,Approved by IDA,Unsanctioned,Lok Sabha,2f90de1eebd261f6,1,false,,MOCK_VALIDATION,210000,normal_others,,Khagaria,khagaria_5,2023-09,2023,0.0,0.0,71,26979604,63,24839604,4575,3315478980,71,26979604,-26979604.0,1,1,0,50,1,0,71,1,1,1,50,47,10,10,9,1,1,1,1,1,400000.0,500000.0,210000.0,0.525,0.42,1.0,false,true,false,true,false,false,false,false,false,false,false,17,0.0,0,0,5.95,GREEN,false,false,false,false,false,-0.249354,11.23,False,10,0,0.0,0.0,0,0,3.0,GREEN,No trained baseline threshold crossed,normal,GREEN,GREEN,No planted anomaly
MOCK-NORMAL-007,12,Upendra Singh Rawat,Upendra Singh Rawat,upendra_singh_rawat,WS/MP811/2023-2024/28130 - Lighting of public spaces,Lighting of public spaces,lighting_of_public_spaces,Normal/Others,Uttar Pradesh,uttar_pradesh,BARABANKI(SC),barabanki_sc,DISTRICT MAGISTRATE BARABANKI_IDA,district_magistrate_barabanki_ida,,,Suratganj,Jeoli,"Suratganj, Jeoli",suratganj_jeoli,2023-09-28,20000,Approved by IDA,Sanctioned,Lok Sabha,0b75810ff1abbaca,1,false,,MOCK_VALIDATION,20000,normal_others,suratganj,Jeoli,jeoli,2023-09,2023,0.0,0.0,345,11340000,348,13640000,5313,2961624043,345,11340000,-11340000.0,1,1,55,344,2,55,345,1,1,1,344,344,89,89,96,1,2,1,1,1,400000.0,224500.0,20000.0,0.05,0.0891,1.0,false,false,false,true,false,false,false,false,false,false,false,29,0.0,0,0,10.15,GREEN,false,false,false,false,false,-0.148352,81.29,False,22,0,0.0,0.0,0,0,6.6,GREEN,No trained baseline threshold crossed,normal,GREEN,GREEN,No planted anomaly
MOCK-NORMAL-008,13,Shri Bhartruhari Mahtab,Bhartruhari Mahtab,bhartruhari_mahtab,NA - Construction of buildings for community cultural activities,Construction of buildings for community cultural activities,construction_of_buildings_for_community_cultural_activities,Normal/Others,Odisha,odisha,CUTTACK,cuttack,DISTRICT COLLECTOR CUTTACK_IDA,district_collector_cuttack_ida,,,Athagad,Khuntakata,"Athagad, Khuntakata",athagad_khuntakata,2024-01-06,300000,Action Pending,Unsanctioned,Lok Sabha,8969440b8ef512d7,1,false,,MOCK_VALIDATION,300000,normal_others,athagad,Khuntakata,khuntakata,2024-01,2024,147000000.0,0.002,18,4800000,125,53600000,3844,1383253124,18,4800000,142200000.0,1,1,1,13,1,4,18,1,1,1,13,16,5,5,6,1,1,1,1,1,400000.0,250000.0,225000.0,0.75,1.2,1.3333,false,true,true,true,false,false,false,false,false,false,true,21,1.67,0,35,11.43,GREEN,false,false,false,true,false,-0.241637,26.58,False,14,0,0.0,0.0,0,45,8.7,GREEN,Project is unsanctioned with action pending,normal,GREEN,GREEN,No planted anomaly
MOCK-NORMAL-009,14,Smt Sangeeta Kumari Singh Deo,Sangeeta Kumari Singh Deo,sangeeta_kumari_singh_deo,WS/MP373/2023-2024/22118 - Construction of community centers and community halls,Construction of community centers and community halls,construction_of_community_centers_and_community_halls,Normal/Others,Odisha,odisha,BOLANGIR,bolangir,DISTRICT COLLECTOR BOLANGIR_IDA,district_collector_bolangir_ida,,,Muribahal,Kandakhal,"Muribahal, Kandakhal",muribahal_kandakhal,2023-09-17,200000,Approved by IDA,Unsanctioned,Lok Sabha,31317fcc51b56433,1,false,,MOCK_VALIDATION,200000,normal_others,muribahal,Kandakhal,kandakhal,2023-09,2023,147000000.0,0.0014,437,95985000,445,114735000,3844,1383253124,437,95985000,51015000.0,1,1,26,385,1,33,437,1,1,1,385,309,67,67,68,1,1,1,1,1,400000.0,250000.0,200000.0,0.5,0.8,1.0,false,true,false,true,false,false,false,false,false,false,false,27,0.0,0,0,9.45,GREEN,false,false,false,false,false,-0.176869,72.34,False,20,0,0.0,0.0,0,0,6.0,GREEN,No trained baseline threshold crossed,normal,GREEN,GREEN,No planted anomaly
MOCK-NORMAL-010,16,Topon Kumar Gogoi,Topon Kumar Gogoi,topon_kumar_gogoi,WS/MP496/2023-2024/21374 - Construction of buildings for community cultural activities,Construction of buildings for community cultural activities,construction_of_buildings_for_community_cultural_activities,Normal/Others,Assam,assam,JORHAT,jorhat,Deputy Commissioner Sivsagar_IDA,deputy_commissioner_sivsagar_ida,,,Nazira,Pohuchungi Deodhai,"Nazira, Pohuchungi Deodhai",nazira_pohuchungi_deodhai,2023-09-16,250000,Approved by IDA,Unsanctioned,Lok Sabha,1c7e1c077647e80e,1,false,,MOCK_VALIDATION,250000,normal_others,nazira,Pohuchungi Deodhai,pohuchungi_deodhai,2023-09,2023,0.0,0.0,142,78750000,52,31050000,1399,777526830,142,78750000,-78750000.0,1,1,9,48,1,15,142,1,1,1,48,21,57,24,22,1,1,1,1,1,400000.0,350000.0,500000.0,0.625,0.7143,0.5,false,true,false,true,false,false,false,false,false,false,false,27,0.0,0,0,9.45,GREEN,false,false,false,false,false,-0.25143,7.11,False,20,0,0.0,0.0,0,0,6.0,GREEN,No trained baseline threshold crossed,normal,GREEN,GREEN,No planted anomaly
MOCK-NORMAL-011,17,Prajwal Revanna,Prajwal Revanna,prajwal_revanna,NA - Construction of community centers and community halls,Construction of community centers and community halls,construction_of_community_centers_and_community_halls,Normal/Others,Karnataka,karnataka,HASSAN,hassan,DEPUTY COMMISSIONER HASSAN_IDA,deputy_commissioner_hassan_ida,,,Hassan,Gadenahalli,"Hassan, Gadenahalli",hassan_gadenahalli,2024-01-11,150000,Action Pending,Unsanctioned,Lok Sabha,782e017df4107c53,1,false,,MOCK_VALIDATION,150000,normal_others,hassan,Gadenahalli,gadenahalli,2024-01,2024,0.0,0.0,87,29000000,112,46125000,3121,1670831193,87,29000000,-29000000.0,1,1,37,84,1,37,85,1,1,1,84,100,62,62,78,1,1,1,1,1,400000.0,500000.0,300000.0,0.375,0.3,0.5,false,true,true,true,false,false,false,false,false,false,true,27,0.0,0,35,12.95,GREEN,false,false,false,true,false,-0.227622,41.41,False,20,0,0.0,0.0,0,45,10.5,GREEN,Project is unsanctioned with action pending,normal,GREEN,GREEN,No planted anomaly
MOCK-NORMAL-012,18,Ramakant Bhargava,Ramakant Bhargava,ramakant_bhargava,"WS/MP649/2023-2024/22252 - Construction of roads, approach roads, link roads and pathways","Construction of roads, approach roads, link roads and pathways",construction_of_roads_approach_roads_link_roads_and_pathways,Normal/Others,Madhya Pradesh,madhya_pradesh,VIDISHA,vidisha,DISTRICT COLLECTOR RAISEN_IDA,district_collector_raisen_ida,,,Sanchi,Amrawad,"Sanchi, Amrawad",sanchi_amrawad,2023-09-17,250000,Approved by IDA,Sanctioned,Lok Sabha,2d31855f36309b4b,1,false,,MOCK_VALIDATION,250000,normal_others,sanchi,Amrawad,amrawad,2023-09,2023,0.0,0.0,151,47876128,80,23325096,1999,1177605275,151,47876128,-47876128.0,1,1,20,38,1,23,151,1,1,1,38,30,21,21,69,1,1,1,1,1,400000.0,299000.0,200000.0,0.625,0.8361,1.25,false,false,false,true,false,false,false,false,false,false,false,27,1.25,0,0,9.89,GREEN,false,false,false,false,false,-0.248489,12.97,False,20,0,0.0,0.0,0,0,6.0,GREEN,No trained baseline threshold crossed,normal,GREEN,GREEN,No planted anomaly
MOCK-NORMAL-013,19,Tirath Singh Rawat,Tirath Singh Rawat,tirath_singh_rawat,NA - Construction of Footpaths/Pedestrian ways,Construction of Footpaths/Pedestrian ways,construction_of_footpaths_pedestrian_ways,Normal/Others,Uttarakhand,uttarakhand,GARHWAL,garhwal,DISTRICT MAGISTRATE PAURI GARHWAL_IDA,district_magistrate_pauri_garhwal_ida,,,Pauri,Bad Gaon Malla,"Pauri, Bad Gaon Malla",pauri_bad_gaon_malla,2023-11-23,150000,Action Pending,Unsanctioned,Lok Sabha,e93e4599a4192c39,1,false,,MOCK_VALIDATION,150000,normal_others,pauri,Bad Gaon Malla,bad_gaon_malla,2023-11,2023,0.0,0.0,324,76900117,140,29350069,1476,323104597,324,76900117,-76900117.0,1,1,3,9,1,14,324,1,1,1,9,6,48,32,5,1,1,1,1,1,400000.0,160173.0,200000.0,0.375,0.9365,0.75,false,true,true,true,false,false,false,false,false,false,true,27,0.0,0,35,12.95,GREEN,false,false,false,true,false,-0.245354,19.85,False,20,0,0.0,0.0,0,45,10.5,GREEN,Project is unsanctioned with action pending,normal,GREEN,GREEN,No planted anomaly
MOCK-NORMAL-014,21,Hasnain Masoodi,Hasnain Masoodi,hasnain_masoodi,NA - Improvement of electricity distribution infrastructure,Improvement of electricity distribution infrastructure,improvement_of_electricity_distribution_infrastructure,Normal/Others,Jammu And Kashmir,jammu_and_kashmir,ANANTNAG,anantnag,Deputy Commissioner Kulgam_IDA,deputy_commissioner_kulgam_ida,,,Kund,Razloo,"Kund, Razloo",kund_razloo,2023-12-17,300000,Action Pending,Unsanctioned,Lok Sabha,c5c70710baaa6c09,1,false,,MOCK_VALIDATION,300000,normal_others,kund,Razloo,razloo,2023-12,2023,0.0,0.0,311,88024145,24,10447137,687,241913383,311,88024145,-88024145.0,1,1,1,58,1,2,302,1,1,1,58,7,7,1,3,1,1,1,1,1,400000.0,243000.0,225000.0,0.75,1.2346,1.3333,false,true,true,true,false,false,false,false,false,false,true,19,1.67,0,35,10.73,GREEN,false,false,false,true,false,-0.241332,27.02,False,12,0,0.0,0.0,0,45,8.1,GREEN,Project is unsanctioned with action pending,normal,GREEN,GREEN,No planted anomaly
MOCK-NORMAL-015,22,Bharti Pravin Pawar,Bharti Pravin Pawar,bharti_pravin_pawar,"NA - Construction of roads, link roads, pathways or any other road with or without drainage system","Construction of roads, link roads, pathways or any other road with or without drainage system",construction_of_roads_link_roads_pathways_or_any_other_road_with_or_without_drainage_system,Normal/Others,Maharashtra,maharashtra,DINDORI(ST),dindori_st,DISTRICT COLLECTOR NASHIK_IDA,district_collector_nashik_ida,,,Yevla,Mamdapur,"Yevla, Mamdapur",yevla_mamdapur,2024-03-03,500000,Action Pending,Unsanctioned,Lok Sabha,5b8efd4ff5bafdf6,1,false,,MOCK_VALIDATION,500000,normal_others,yevla,Mamdapur,mamdapur,2024-03,2024,0.0,0.0,19,19312000,34,29391709,633,508290495,19,19312000,-19312000.0,1,1,3,14,1,3,19,1,1,1,14,16,19,19,68,1,1,1,0,0,400000.0,796000.0,995000.0,1.25,0.6281,0.5025,false,true,true,false,true,false,false,false,false,false,true,20,0.0,0,35,10.5,GREEN,false,false,false,true,false,-0.241412,26.89,False,13,0,0.0,0.0,20,45,13.4,GREEN,Project is unsanctioned with action pending,normal,GREEN,GREEN,No planted anomaly
MOCK-NORMAL-016,26,Pocha Brahmananda Reddy,Pocha Brahmananda Reddy,pocha_brahmananda_reddy,"WS/MP408/2023-2024/53634 - Construction of roads, approach roads, link roads and pathways","Construction of roads, approach roads, link roads and pathways",construction_of_roads_approach_roads_link_roads_and_pathways,Normal/Others,Andhra Pradesh,andhra_pradesh,NANDYAL,nandyal,DISTRICT COLLECTOR NANDYAL_IDA,district_collector_nandyal_ida,,,Koilakuntla,Bheemunipadu,"Koilakuntla, Bheemunipadu",koilakuntla_bheemunipadu,2023-11-28,494000,Approved by IDA,Unsanctioned,Lok Sabha,c82909351a331d44,1,false,,MOCK_VALIDATION,494000,normal_others,koilakuntla,Bheemunipadu,bheemunipadu,2023-11,2023,0.0,0.0,127,77082000,143,85882000,3131,2344937649,127,77082000,-77082000.0,1,1,1,76,1,2,126,1,1,1,76,87,32,32,68,1,1,1,1,1,400000.0,500000.0,500000.0,1.235,0.988,0.988,false,true,false,true,true,false,false,false,false,false,false,19,0.0,0,0,6.65,GREEN,false,false,false,false,false,-0.252368,5.54,False,12,0,0.0,0.0,20,0,8.6,GREEN,No trained baseline threshold crossed,normal,GREEN,GREEN,No planted anomaly
MOCK-NORMAL-017,27,Bhagirath Chaudhary,Bhagirath Chaudhary,bhagirath_chaudhary,NA - Installing tube-wells and borewells,Installing tube-wells and borewells,installing_tube_wells_and_borewells,Normal/Others,Rajasthan,rajasthan,AJMER,ajmer,DISTRICT COLLECTOR AJMER_IDA,district_collector_ajmer_ida,,,Kishangarh Silora,Naya Gaon,"Kishangarh Silora, Naya Gaon",kishangarh_silora_naya_gaon,2023-09-28,200000,Action Pending,Unsanctioned,Lok Sabha,12c52e2f4d1c193f,1,false,,MOCK_VALIDATION,200000,normal_others,kishangarh_silora,Naya Gaon,naya_gaon,2023-09,2023,147000000.0,0.0014,185,76065388,176,82940388,3054,1880102127,185,76065388,70934612.0,1,1,2,3,6,45,185,1,1,1,3,3,29,28,3,1,6,1,1,1,400000.0,500000.0,500000.0,0.5,0.4,0.4,false,true,true,true,false,false,false,false,false,false,true,35,0.0,0,35,15.75,GREEN,false,false,false,true,false,-0.215209,52.1,False,28,0,0.0,0.0,0,45,12.9,GREEN,Project is unsanctioned with action pending,normal,GREEN,GREEN,No planted anomaly
MOCK-NORMAL-018,29,Kishan Kapoor,Kishan Kapoor,kishan_kapoor,NA - Construction of footpaths and pedestrian ways,Construction of footpaths and pedestrian ways,construction_of_footpaths_and_pedestrian_ways,Normal/Others,Himachal Pradesh,himachal_pradesh,KANGRA,kangra,DEPUTY COMMISSIONER KANGRA_IDA,deputy_commissioner_kangra_ida,,,Jawali,Harsar Khas (67),"Jawali, Harsar Khas (67)",jawali_harsar_khas_67,2024-01-22,400000,Action Pending,Unsanctioned,Lok Sabha,aa50af0cdddc2cd0,1,false,,MOCK_VALIDATION,400000,normal_others,jawali,Harsar Khas (67),harsar_khas_67,2024-01,2024,0.0,0.0,81,26795000,104,34095000,990,219138227,81,26795000,-26795000.0,1,1,1,11,1,9,79,1,1,1,11,16,24,20,3,1,1,1,1,1,400000.0,200000.0,200000.0,1.0,2.0,2.0,false,true,true,true,false,false,false,false,false,false,true,26,5.0,0,35,14.35,GREEN,false,false,false,true,false,-0.25022,9.33,False,19,0,0.0,0.0,0,45,10.2,GREEN,Project is unsanctioned with action pending,normal,GREEN,GREEN,No planted anomaly
MOCK-NORMAL-019,30,Vincent H Pala,Vincent H Pala,vincent_h_pala,NA - Construction of boundary walls of existing public and community buildings,Construction of boundary walls of existing public and community buildings,construction_of_boundary_walls_of_existing_public_and_community_buildings,Normal/Others,Meghalaya,meghalaya,SHILLONG,shillong,DEPUTY COMMISSIONER EAST JAINTIA HILLS KHLIEHRIAT_IDA,deputy_commissioner_east_jaintia_hills_khliehriat_ida,,,Saipung,Thuruk,"Saipung, Thuruk",saipung_thuruk,2024-02-14,50000,Action Pending,Unsanctioned,Lok Sabha,7e06a428a6036da1,1,false,,MOCK_VALIDATION,50000,normal_others,saipung,Thuruk,thuruk,2024-02,2024,0.0,0.0,116,35900000,58,23000000,215,71200000,116,35900000,-35900000.0,1,1,3,10,1,35,115,1,1,1,10,5,22,22,3,1,1,1,1,1,400000.0,200000.0,200000.0,0.125,0.25,0.25,false,true,true,true,false,false,false,false,false,false,true,27,0.0,0,35,12.95,GREEN,false,false,false,true,false,-0.237225,32.86,False,20,0,0.0,0.0,0,45,10.5,GREEN,Project is unsanctioned with action pending,normal,GREEN,GREEN,No planted anomaly
MOCK-NORMAL-020,32,Ramesh Chander Kaushik,Ramesh Chander Kaushik,ramesh_chander_kaushik,WS/MP592/2023-2024/15328 - Setting up public non-conventional energy plants,Setting up public non-conventional energy plants,setting_up_public_non_conventional_energy_plants,Normal/Others,Haryana,haryana,SONEPAT,sonepat,DEPUTY COMMISSIONER SONEPAT_IDA,deputy_commissioner_sonepat_ida,,,Kharkhoda,Khanda (9R),"Kharkhoda, Khanda (9R)",kharkhoda_khanda_9r,2023-09-02,297770,Approved by IDA,Unsanctioned,Lok Sabha,bfd91a85a2ff7d48,1,false,,MOCK_VALIDATION,297770,normal_others,kharkhoda,Khanda (9R),khanda_9r,2023-09,2023,0.0,0.0,131,80726721,104,74832918,1519,825501755,131,80726721,-80726721.0,1,1,2,61,1,8,122,1,1,1,61,39,57,33,55,1,1,1,1,1,400000.0,500000.0,392564.0,0.7444,0.5955,0.7585,false,true,false,true,false,false,false,false,false,false,false,25,0.0,0,0,8.75,GREEN,false,false,false,false,false,-0.256556,0.12,False,18,0,0.0,0.0,0,0,5.4,GREEN,No trained baseline threshold crossed,normal,GREEN,GREEN,No planted anomaly
MOCK-NORMAL-021,34,Mala Rajya Laxmi Shah,Mala Rajya Laxmi Shah,mala_rajya_laxmi_shah,NA - Construction of footpaths and pedestrian ways,Construction of footpaths and pedestrian ways,construction_of_footpaths_and_pedestrian_ways,Normal/Others,Uttarakhand,uttarakhand,TEHRI GARHWAL,tehri_garhwal,DISTRICT MAGISTRATE TEHRI GARHWAL_IDA,district_magistrate_tehri_garhwal_ida,,,Tehri,Chopariyal Gaon,"Tehri, Chopariyal Gaon",tehri_chopariyal_gaon,2024-02-25,150000,Action Pending,Unsanctioned,Lok Sabha,1d474d83f0f96dec,1,false,,MOCK_VALIDATION,150000,normal_others,tehri,Chopariyal Gaon,chopariyal_gaon,2024-02,2024,147000000.0,0.001,171,18110003,109,31099000,1476,323104597,171,18110003,128889997.0,1,1,11,76,1,17,166,1,1,1,76,36,171,51,78,1,1,1,1,1,400000.0,160173.0,80000.0,0.375,0.9365,1.875,false,true,true,true,false,false,false,false,false,false,true,27,4.38,0,35,14.48,GREEN,false,false,false,true,false,-0.243482,23.39,False,20,0,0.0,0.0,0,45,10.5,GREEN,Project is unsanctioned with action pending,normal,GREEN,GREEN,No planted anomaly
MOCK-NORMAL-022,37,Brijendra Singh,Brijendra Singh,brijendra_singh,WS/MP593/2023-2024/14066 - Purchase of mobile water tankers,Purchase of mobile water tankers,purchase_of_mobile_water_tankers,Normal/Others,Haryana,haryana,HISAR,hisar,DEPUTY COMMISSIONER HISSAR_IDA,deputy_commissioner_hissar_ida,,,Hisar-I,Mayyer (151) (Ct),"Hisar-I, Mayyer (151) (Ct)",hisar_i_mayyer_151_ct,2023-08-29,158000,Approved by IDA,Sanctioned,Lok Sabha,fe50b202f40e32a3,1,false,,MOCK_VALIDATION,158000,normal_others,hisar_i,Mayyer (151) (Ct),mayyer_151_ct,2023-08,2023,0.0,0.0,261,76407177,236,92047790,1519,825501755,261,76407177,-76407177.0,1,1,17,175,1,22,253,1,1,1,175,146,22,13,31,1,1,1,1,1,400000.0,500000.0,158000.0,0.395,0.316,1.0,false,false,false,true,false,false,false,false,false,false,false,27,0.0,0,0,9.45,GREEN,false,false,false,false,false,-0.236749,33.38,False,20,0,0.0,0.0,0,0,6.0,GREEN,No trained baseline threshold crossed,normal,GREEN,GREEN,No planted anomaly
MOCK-NORMAL-023,43,SHRI Kailash Soni,Kailash Soni,kailash_soni,"NA - Construction of roads, approach roads, link roads and pathways","Construction of roads, approach roads, link roads and pathways",construction_of_roads_approach_roads_link_roads_and_pathways,Normal/Others,Madhya Pradesh,madhya_pradesh,SITTING RAJYA SABHA,sitting_rajya_sabha,DISTRICT COLLECTOR NARSINGHPUR_IDA,district_collector_narsinghpur_ida,,,Kareli,Kodsa,"Kareli, Kodsa",kareli_kodsa,2023-09-14,150000,Action Pending,Unsanctioned,Rajya Sabha,b60ab6666a81e0d6,1,false,,MOCK_VALIDATION,150000,normal_others,kareli,Kodsa,kodsa,2023-09,2023,0.0,0.0,92,34025000,132,32540180,1999,1177605275,10723,8317795158,-34025000.0,1,1,5,1947,1,38,10562,1,1,1,8,13,29,29,55,1,1,1,1,1,400000.0,299000.0,490000.0,0.375,0.5017,0.3061,false,true,true,true,false,false,false,false,false,false,true,27,0.0,0,35,12.95,GREEN,false,false,false,true,false,-0.170291,74.87,False,20,0,0.0,0.0,0,45,10.5,GREEN,Project is unsanctioned with action pending,normal,GREEN,GREEN,No planted anomaly
MOCK-NORMAL-024,46,Kishan Kapoor,Kishan Kapoor,kishan_kapoor,NA - Providing drains and gutters for public drainage,Providing drains and gutters for public drainage,providing_drains_and_gutters_for_public_drainage,Normal/Others,Himachal Pradesh,himachal_pradesh,KANGRA,kangra,DEPUTY COMMISSIONER KANGRA_IDA,deputy_commissioner_kangra_ida,Dharamshala,5&6,,,"Dharamshala, 5&6",dharamshala_5_6,2024-01-01,300000,Action Pending,Unsanctioned,Lok Sabha,52edd48e7c24c944,1,false,,MOCK_VALIDATION,300000,normal_others,,Dharamshala,dharamshala_5_6,2024-01,2024,0.0,0.0,81,26795000,104,34095000,990,219138227,81,26795000,-26795000.0,1,1,0,3,1,0,79,1,1,1,3,2,27,27,17,1,1,1,1,1,400000.0,200000.0,200000.0,0.75,1.5,1.5,false,true,true,true,false,false,false,false,false,false,true,17,2.5,0,35,10.32,GREEN,false,false,false,true,false,-0.253068,4.46,False,10,0,0.0,0.0,0,45,7.5,GREEN,Project is unsanctioned with action pending,normal,GREEN,GREEN,No planted anomaly
MOCK-NORMAL-025,48,Smt Rama Devi,Rama Devi,rama_devi,"NA - Construction of roads, approach roads, link roads and pathways","Construction of roads, approach roads, link roads and pathways",construction_of_roads_approach_roads_link_roads_and_pathways,Normal/Others,Bihar,bihar,SHEOHAR,sheohar,DISTRICT PLANNING OFFICER SITAMARHI_IDA,district_planning_officer_sitamarhi_ida,,,Riga,Kharsan,"Riga, Kharsan",riga_kharsan,2023-11-24,500000,Action Pending,Unsanctioned,Lok Sabha,eb7dc93480fd717b,1,false,,MOCK_VALIDATION,500000,normal_others,riga,Kharsan,kharsan,2023-11,2023,0.0,0.0,63,54347000,157,98262000,4575,3315478980,63,54347000,-54347000.0,1,1,2,19,1,5,63,1,1,1,19,7,3,37,54,1,1,1,0,0,400000.0,500000.0,750000.0,1.25,1.0,0.6667,false,true,true,false,true,false,false,false,false,false,true,22,0.0,0,35,11.2,GREEN,false,false,false,true,false,-0.251607,6.86,False,15,0,0.0,0.0,20,45,14.0,GREEN,Project is unsanctioned with action pending,normal,GREEN,GREEN,No planted anomaly
MOCK-NORMAL-026,52,Shri Jual Oram,Jual Oram,jual_oram,NA - Construction of rooms and halls in school and colleges,Construction of rooms and halls in school and colleges,construction_of_rooms_and_halls_in_school_and_colleges,Normal/Others,Odisha,odisha,SUNDARGARH (ST),sundargarh_st,DISTRICT COLLECTOR SUNDARGARH_IDA,district_collector_sundargarh_ida,,,Lathikata,Suidihi,"Lathikata, Suidihi",lathikata_suidihi,2023-09-26,500000,Action Pending,Unsanctioned,Lok Sabha,4189c492cac06458,1,false,,MOCK_VALIDATION,500000,normal_others,lathikata,Suidihi,suidihi,2023-09,2023,173096756.91,0.0029,167,86520000,229,124331000,3844,1383253124,167,86520000,86576756.91,1,1,2,22,3,13,167,3,3,1,22,22,12,14,7,3,3,1,0,0,400000.0,250000.0,500000.0,1.25,2.0,1.0,false,true,true,false,true,false,false,false,false,false,true,31,5.0,0,35,16.1,GREEN,false,false,false,true,false,-0.226046,42.79,False,24,0,0.0,0.0,20,45,16.7,GREEN,Project is unsanctioned with action pending,normal,GREEN,GREEN,No planted anomaly
MOCK-NORMAL-027,56,Smt Pramila Bisoyi,Pramila Bisoyi,pramila_bisoyi,WS/MP371/2023-2024/24432 - Construction of community centers and community halls,Construction of community centers and community halls,construction_of_community_centers_and_community_halls,Normal/Others,Odisha,odisha,ASKA,aska,DISTRICT COLLECTOR GANJAM_IDA,district_collector_ganjam_ida,,,Hinjilicut,Putiapadar,"Hinjilicut, Putiapadar",hinjilicut_putiapadar,2023-09-21,100000,Approved by IDA,Unsanctioned,Lok Sabha,36d0714a01dda9b8,1,false,,MOCK_VALIDATION,100000,normal_others,hinjilicut,Putiapadar,putiapadar,2023-09,2023,0.0,0.0,203,62530000,290,97035000,3844,1383253124,203,62530000,-62530000.0,1,1,40,167,1,39,195,1,1,1,167,218,20,38,55,1,1,1,1,1,400000.0,250000.0,200000.0,0.25,0.4,0.5,false,true,false,true,false,false,false,false,false,false,false,27,0.0,0,0,9.45,GREEN,false,false,false,false,false,-0.214945,52.33,False,20,0,0.0,0.0,0,0,6.0,GREEN,No trained baseline threshold crossed,normal,GREEN,GREEN,No planted anomaly
MOCK-NORMAL-028,57,Shri PP Chaudhary,Pp Chaudhary,pp_chaudhary,WS/MP389/2023-2024/12991 - Purchase of furniture and fixtures for educational purposes,Purchase of furniture and fixtures for educational purposes,purchase_of_furniture_and_fixtures_for_educational_purposes,Normal/Others,Rajasthan,rajasthan,PALI,pali,DISTRICT COLLECTOR PALI_IDA,district_collector_pali_ida,,,Sojat,Boyal,"Sojat, Boyal",sojat_boyal,2023-08-25,700000,Approved by IDA,Ongoing,Lok Sabha,47628ed2fbbae1e1,1,false,,MOCK_VALIDATION,700000,normal_others,sojat,Boyal,boyal,2023-08,2023,147000000.0,0.0048,152,88899750,108,64199750,3054,1880102127,152,88899750,58100250.0,1,1,7,91,1,8,152,1,1,1,91,61,30,30,24,1,1,1,0,0,400000.0,500000.0,500000.0,1.75,1.4,1.4,false,false,false,false,false,false,false,false,false,false,false,25,2.0,0,0,9.45,GREEN,false,false,false,false,false,-0.240694,28.03,False,18,0,0.0,0.0,0,0,5.4,GREEN,No trained baseline threshold crossed,normal,GREEN,GREEN,No planted anomaly
MOCK-NORMAL-029,58,S Venkatesan,S Venkatesan,s_venkatesan,NA - Public distribution system (PDS),Public distribution system (PDS),public_distribution_system_pds,Normal/Others,Tamil Nadu,tamil_nadu,MADURAI,madurai,DISTRICT COLLECTOR MADURAI_IDA,district_collector_madurai_ida,,,Madurai East,Varichiyur,"Madurai East, Varichiyur",madurai_east_varichiyur,2023-12-20,700000,Action Pending,Unsanctioned,Lok Sabha,437eabd11bd7412d,1,false,,MOCK_VALIDATION,700000,normal_others,madurai_east,Varichiyur,varichiyur,2023-12,2023,147000000.0,0.0048,109,67087031,287,239348550,3716,3371781302,109,67087031,79912969.0,1,1,1,2,1,73,109,1,1,1,2,2,5,5,1,1,1,1,0,0,400000.0,500000.0,500000.0,1.75,1.4,1.4,false,true,true,false,false,false,false,false,false,false,true,27,2.0,0,35,13.65,GREEN,false,false,false,true,false,-0.203888,59.38,False,20,0,0.0,0.0,0,45,10.5,GREEN,Project is unsanctioned with action pending,normal,GREEN,GREEN,No planted anomaly
MOCK-NORMAL-030,59,Vijay Baghel,Vijay Baghel,vijay_baghel,"WS/MP568/2023-2024/15038 - Construction of roads, approach roads, link roads and pathways","Construction of roads, approach roads, link roads and pathways",construction_of_roads_approach_roads_link_roads_and_pathways,Normal/Others,Chhattisgarh,chhattisgarh,DURG,durg,Collector Bemetara_IDA,collector_bemetara_ida,,,Bemetara,Pendritarai,"Bemetara, Pendritarai",bemetara_pendritarai,2023-09-01,500000,Approved by IDA,Unsanctioned,Lok Sabha,00eccc4533bdbb11,1,false,,MOCK_VALIDATION,500000,normal_others,bemetara,Pendritarai,pendritarai,2023-09,2023,147000000.0,0.0034,112,57760000,16,8500000,1269,652370972,112,57760000,89240000.0,1,1,4,40,1,7,112,1,1,1,40,8,46,10,65,1,1,1,0,0,400000.0,500000.0,500000.0,1.25,1.0,1.0,false,true,false,false,true,false,false,false,false,false,false,24,0.0,0,0,8.4,GREEN,false,false,false,false,false,-0.245445,19.7,False,17,0,0.0,0.0,20,0,10.1,GREEN,No trained baseline threshold crossed,normal,GREEN,GREEN,No planted anomaly
MOCK-NORMAL-031,60,Smt Aparajita Sarangi,Aparajita Sarangi,aparajita_sarangi,WS/MP300/2023-2024/920 - Construction of buildings for community cultural activities,Construction of buildings for community cultural activities,construction_of_buildings_for_community_cultural_activities,Normal/Others,Odisha,odisha,BHUBANESWAR,bhubaneswar,DISTRICT COLLECTOR KHORDHA_IDA,district_collector_khordha_ida,,,Khordha,Mota,"Khordha, Mota",khordha_mota,2023-06-10,200000,Approved by IDA,Unsanctioned,Lok Sabha,411ea43fe96edbc2,1,false,,MOCK_VALIDATION,200000,normal_others,khordha,Mota,mota,2023-06,2023,147420861.41,0.0014,434,61235000,507,103926752,3844,1383253124,434,61235000,86185861.41,1,1,10,92,1,48,429,1,1,1,92,93,61,61,48,1,1,1,1,1,400000.0,250000.0,100000.0,0.5,0.8,2.0,false,true,false,true,false,false,false,false,false,false,false,27,5.0,0,0,11.2,GREEN,false,false,false,false,false,-0.177558,71.96,False,20,0,0.0,0.0,0,0,6.0,GREEN,No trained baseline threshold crossed,normal,GREEN,GREEN,No planted anomaly
MOCK-NORMAL-032,67,Chandra Sekhar Bellana,Chandra Sekhar Bellana,chandra_sekhar_bellana,WS/MP521/2023-2024/17849 - Installing tube-wells and borewells,Installing tube-wells and borewells,installing_tube_wells_and_borewells,Normal/Others,Andhra Pradesh,andhra_pradesh,VIZIANAGARAM,vizianagaram,DISTRICT COLLECTOR VIZIANAGARAM_IDA,district_collector_vizianagaram_ida,,,Merakamudidam,Rachagumadam,"Merakamudidam, Rachagumadam",merakamudidam_rachagumadam,2023-09-08,120000,Approved by IDA,Unsanctioned,Lok Sabha,e7546d25c8bb0f3c,1,false,,MOCK_VALIDATION,120000,normal_others,merakamudidam,Rachagumadam,rachagumadam,2023-09,2023,0.0,0.0,206,76328581,169,65859442,3131,2344937649,206,76328581,-76328581.0,1,1,8,35,1,10,199,1,1,1,35,35,24,24,20,1,1,1,1,1,400000.0,500000.0,300000.0,0.3,0.24,0.4,false,true,false,true,false,false,false,false,false,false,false,27,0.0,0,0,9.45,GREEN,false,false,false,false,false,-0.247943,14.27,False,20,0,0.0,0.0,0,0,6.0,GREEN,No trained baseline threshold crossed,normal,GREEN,GREEN,No planted anomaly
MOCK-NORMAL-033,68,Saptagiri Sankar Ulaka,Saptagiri Sankar Ulaka,saptagiri_sankar_ulaka,NA - Installing tube-wells and borewells,Installing tube-wells and borewells,installing_tube_wells_and_borewells,Normal/Others,Odisha,odisha,KORAPUT(ST),koraput_st,District Collector Koraput_IDA,district_collector_koraput_ida,,,Koraput,Jhadiguda,"Koraput, Jhadiguda",koraput_jhadiguda,2024-02-25,200000,Action Pending,Unsanctioned,Lok Sabha,6c246f504c7a2ad3,1,false,,MOCK_VALIDATION,200000,normal_others,koraput,Jhadiguda,jhadiguda,2024-02,2024,269500000.0,0.0007,131,44600000,90,28800000,3844,1383253124,131,44600000,224900000.0,1,1,1,2,1,7,130,1,1,1,2,2,9,9,2,1,1,1,1,1,400000.0,250000.0,250000.0,0.5,0.8,0.8,false,true,true,true,false,false,false,false,false,false,true,24,0.0,0,35,11.9,GREEN,false,false,false,true,false,-0.254384,2.36,False,17,0,0.0,0.0,0,45,9.6,GREEN,Project is unsanctioned with action pending,normal,GREEN,GREEN,No planted anomaly
MOCK-NORMAL-034,74,Vincent H Pala,Vincent H Pala,vincent_h_pala,NA - Construction of community centers and community halls,Construction of community centers and community halls,construction_of_community_centers_and_community_halls,Normal/Others,Meghalaya,meghalaya,SHILLONG,shillong,DEPUTY COMMISSIONER SOUTH WEST KHASI HILLS MAWKRYWAT_IDA,deputy_commissioner_south_west_khasi_hills_mawkrywat_ida,,,Ranikor,Domshken,"Ranikor, Domshken",ranikor_domshken,2024-01-24,300000,Action Pending,Unsanctioned,Lok Sabha,46208627b4f3a547,1,false,,MOCK_VALIDATION,300000,normal_others,ranikor,Domshken,domshken,2024-01,2024,0.0,0.0,116,35900000,5,1100000,215,71200000,116,35900000,-35900000.0,1,1,1,27,1,4,115,1,1,1,27,1,16,5,50,1,1,1,1,1,400000.0,200000.0,200000.0,0.75,1.5,1.5,false,true,true,true,false,false,false,false,false,false,true,21,2.5,0,35,11.72,GREEN,false,false,false,true,false,-0.248094,13.91,False,14,0,0.0,0.0,0,45,8.7,GREEN,Project is unsanctioned with action pending,normal,GREEN,GREEN,No planted anomaly
MOCK-NORMAL-035,75,Dnv Senthilkumar S,Dnv Senthilkumar S,dnv_senthilkumar_s,WS/MP742/2023-2024/36317 - Street lights,Street lights,street_lights,Normal/Others,Tamil Nadu,tamil_nadu,DHARAMAPURI,dharamapuri,DISTRICT COLLECTOR DHARMAPURI_IDA,district_collector_dharmapuri_ida,,,Nallampalli,Sivadi,"Nallampalli, Sivadi",nallampalli_sivadi,2023-10-12,250000,Approved by IDA,Sanctioned,Lok Sabha,43b23ff67583f6be,1,false,,MOCK_VALIDATION,250000,normal_others,nallampalli,Sivadi,sivadi,2023-10,2023,0.0,0.0,82,59010000,95,81035000,3716,3371781302,82,59010000,-59010000.0,1,1,8,46,2,11,81,1,1,1,46,48,36,36,25,1,2,1,1,1,400000.0,500000.0,750000.0,0.625,0.5,0.3333,false,false,false,true,false,false,false,false,false,false,false,29,0.0,0,0,10.15,GREEN,false,false,false,false,false,-0.248612,12.71,False,22,0,0.0,0.0,0,0,6.6,GREEN,No trained baseline threshold crossed,normal,GREEN,GREEN,No planted anomaly
MOCK-NORMAL-036,77,Gaurav Gogoi,Gaurav Gogoi,gaurav_gogoi,NA - Construction of community centers and community halls,Construction of community centers and community halls,construction_of_community_centers_and_community_halls,Normal/Others,Assam,assam,KALIABOR,kaliabor,Deputy Commissioner Golaghat_IDA,deputy_commissioner_golaghat_ida,,,Kakodonga,Gohain Gaon,"Kakodonga, Gohain Gaon",kakodonga_gohain_gaon,2023-10-10,150000,Action Pending,Unsanctioned,Lok Sabha,3312f3b8653c0e69,1,false,,MOCK_VALIDATION,150000,normal_others,kakodonga,Gohain Gaon,gohain_gaon,2023-10,2023,147000000.0,0.001,175,39510000,91,26160000,1399,777526830,175,39510000,107490000.0,1,1,4,105,2,4,165,1,1,1,105,59,13,12,31,1,2,1,1,1,400000.0,350000.0,200000.0,0.375,0.4286,0.75,false,true,true,true,false,false,false,false,false,false,true,23,0.0,0,35,11.55,GREEN,false,false,false,true,false,-0.246072,18.51,False,16,0,0.0,0.0,0,45,9.3,GREEN,Project is unsanctioned with action pending,normal,GREEN,GREEN,No planted anomaly
MOCK-NORMAL-037,82,Shri Khiru Mahto,Khiru Mahto,khiru_mahto,NA - PCC Road and Drainage,PCC Road and Drainage,pcc_road_and_drainage,Normal/Others,Bihar,bihar,SITTING RAJYA SABHA,sitting_rajya_sabha,DISTRICT PLANNING OFFICER MUNGER_IDA,district_planning_officer_munger_ida,,,Bariyarpur,Ratanpur,"Bariyarpur, Ratanpur",bariyarpur_ratanpur,2023-10-23,400000,Action Pending,Unsanctioned,Rajya Sabha,c3e9a55816647e60,1,false,,MOCK_VALIDATION,400000,normal_others,bariyarpur,Ratanpur,ratanpur,2023-10,2023,235770091.81,0.0017,105,41900000,269,135435000,4575,3315478980,10723,8317795158,193870091.81,1,1,1,1,14,36,10562,2,4,1,1,1,23,23,1,4,14,1,1,1,400000.0,500000.0,490000.0,1.0,0.8,0.8163,false,true,true,true,false,false,false,false,false,false,true,35,0.0,0,35,15.75,GREEN,false,false,false,true,false,-0.138669,83.53,False,28,0,0.0,0.0,0,45,12.9,GREEN,Project is unsanctioned with action pending,normal,GREEN,GREEN,No planted anomaly
MOCK-NORMAL-038,83,SH Derek o Brien,Sh Derek O Brien,sh_derek_o_brien,NA - Installing tube-wells and borewells,Installing tube-wells and borewells,installing_tube_wells_and_borewells,Normal/Others,West Bengal,west_bengal,SITTING RAJYA SABHA,sitting_rajya_sabha,DISTRICT MAGISTRATE SOUTH TWENTY FOUR PARGANAS_IDA,district_magistrate_south_twenty_four_parganas_ida,,,Canning-Ii,Haora Mari,"Canning-Ii, Haora Mari",canning_ii_haora_mari,2023-07-19,200000,Action Pending,Unsanctioned,Rajya Sabha,e7d4c498e33f39b5,1,false,,MOCK_VALIDATION,200000,normal_others,canning_ii,Haora Mari,haora_mari,2023-07,2023,0.0,0.0,565,112998056,875,219444502,2027,1692272511,10723,8317795158,-112998056.0,1,1,22,1260,1,22,10562,1,1,1,565,705,102,76,130,1,1,1,1,1,400000.0,200000.0,490000.0,0.5,1.0,0.4082,false,true,true,true,false,false,false,false,false,false,true,27,0.0,0,35,12.95,GREEN,false,false,false,true,false,-0.118624,87.56,False,20,0,0.0,0.0,0,45,10.5,GREEN,Project is unsanctioned with action pending,normal,GREEN,GREEN,No planted anomaly
MOCK-NORMAL-039,84,Smt Chinta Anuradha,Chinta Anuradha,chinta_anuradha,NA - Construction of boundary walls of existing public and community buildings,Construction of boundary walls of existing public and community buildings,construction_of_boundary_walls_of_existing_public_and_community_buildings,Normal/Others,Andhra Pradesh,andhra_pradesh,AMALAPURAM(SC),amalapuram_sc,DISTRICT COLLECTOR Dr B R AMBEDKAR KONASEEMA_IDA,district_collector_dr_b_r_ambedkar_konaseema_ida,,,Ambajipeta,Machavaram,"Ambajipeta, Machavaram",ambajipeta_machavaram,2023-12-20,500000,Action Pending,Unsanctioned,Lok Sabha,3f716cdef0d72784,1,false,,MOCK_VALIDATION,500000,normal_others,ambajipeta,Machavaram,machavaram,2023-12,2023,0.0,0.0,159,99180000,203,166330000,3131,2344937649,159,99180000,-99180000.0,1,1,1,3,5,12,159,5,5,1,3,4,12,12,10,5,5,1,0,0,400000.0,500000.0,500000.0,1.25,1.0,1.0,false,true,true,false,true,false,false,false,false,false,true,35,0.0,0,35,15.75,GREEN,false,false,false,true,false,-0.201045,60.79,False,28,0,0.0,0.0,20,45,17.9,GREEN,Project is unsanctioned with action pending,normal,GREEN,GREEN,No planted anomaly
MOCK-NORMAL-040,85,Nayab Singh,Nayab Singh,nayab_singh,NA - Construction of rooms and halls in school and colleges,Construction of rooms and halls in school and colleges,construction_of_rooms_and_halls_in_school_and_colleges,Trust and Society,Haryana,haryana,KURUKSHETRA,kurukshetra,DEPUTY COMMISSIONER KURUKSHETRA_IDA,deputy_commissioner_kurukshetra_ida,Thanesar,MC Thanesar,,,"Thanesar, MC Thanesar",thanesar_mc_thanesar,2023-12-18,500000,Rejected by IDA,Unsanctioned,Lok Sabha,0cf2f80adbb3db74,1,false,,MOCK_VALIDATION,500000,trust_and_society,,Thanesar,thanesar_mc_thanesar,2023-12,2023,0.0,0.0,109,59061661,45,24337661,1519,825501755,109,59061661,-59061661.0,1,1,0,5,1,0,12,1,1,1,5,4,1,1,10,2,2,1,0,0,500000.0,500000.0,500000.0,1.0,1.0,1.0,false,true,false,false,true,false,false,false,false,false,false,17,0.0,0,0,5.95,GREEN,false,false,false,false,false,-0.247565,15.22,False,10,0,0.0,0.0,20,0,8.0,GREEN,No trained baseline threshold crossed,normal,GREEN,GREEN,No planted anomaly
MOCK-NORMAL-041,86,Shri Subhash Chandra Baheria,Subhash Chandra Baheria,subhash_chandra_baheria,NA - Construction of culverts and bridges,Construction of culverts and bridges,construction_of_culverts_and_bridges,Normal/Others,Rajasthan,rajasthan,BHILWARA,bhilwara,DISTRICT COLLECTOR BHILWARA_IDA,district_collector_bhilwara_ida,,,Hurda,Kotri,"Hurda, Kotri",hurda_kotri,2023-09-21,500000,Action Pending,Unsanctioned,Lok Sabha,a4123e4525c999dc,1,false,,MOCK_VALIDATION,500000,normal_others,hurda,Kotri,kotri,2023-09,2023,0.0,0.0,105,40912364,83,35532494,3054,1880102127,105,40912364,-40912364.0,1,1,1,2,1,6,102,1,1,1,2,1,2,2,3,1,1,1,0,0,400000.0,500000.0,400000.0,1.25,1.0,1.25,false,true,true,false,true,false,false,false,false,false,true,23,1.25,0,35,11.99,GREEN,false,false,false,true,false,-0.255178,1.17,False,16,0,0.0,0.0,20,45,14.3,GREEN,Project is unsanctioned with action pending,normal,GREEN,GREEN,No planted anomaly
MOCK-NORMAL-042,87,Raja Amareshwara Naik,Raja Amareshwara Naik,raja_amareshwara_naik,NA - Lighting of public spaces,Lighting of public spaces,lighting_of_public_spaces,Normal/Others,Karnataka,karnataka,RAICHUR(ST),raichur_st,DEPUTY COMMISSIONER RAICHUR_IDA,deputy_commissioner_raichur_ida,,,Devadurga,Karadigudda,"Devadurga, Karadigudda",devadurga_karadigudda,2023-08-24,500000,Action Pending,Unsanctioned,Lok Sabha,1514b631959debab,1,false,,MOCK_VALIDATION,500000,normal_others,devadurga,Karadigudda,karadigudda,2023-08,2023,0.0,0.0,158,82000000,150,70050000,3121,1670831193,158,82000000,-82000000.0,1,1,29,140,1,32,157,1,1,1,140,83,40,40,55,1,1,1,0,0,400000.0,500000.0,500000.0,1.25,1.0,1.0,false,true,true,false,true,false,false,false,false,false,true,27,0.0,0,35,12.95,GREEN,false,false,false,true,false,-0.235258,34.85,False,20,0,0.0,0.0,20,45,15.5,GREEN,Project is unsanctioned with action pending,normal,GREEN,GREEN,No planted anomaly
MOCK-NORMAL-043,88,Shri Kunwar Danish Ali,Kunwar Danish Ali,kunwar_danish_ali,WS/MP408/2023-2024/38510 - Lighting of public spaces,Lighting of public spaces,lighting_of_public_spaces,Normal/Others,Uttar Pradesh,uttar_pradesh,AMROHA,amroha,DISTRICT MAGISTRATE JYOTIBAPHULE NAGAR_IDA,district_magistrate_jyotibaphule_nagar_ida,,,Joya,Khata,"Joya, Khata",joya_khata,2023-10-19,167300,Approved by IDA,Sanctioned,Lok Sabha,a2cb725481831439,1,false,,MOCK_VALIDATION,167300,normal_others,joya,Khata,khata,2023-10,2023,0.0,0.0,154,30370900,157,30550100,5313,2961624043,154,30370900,-30370900.0,1,1,48,133,1,56,154,1,1,1,133,137,49,49,60,1,1,1,1,1,400000.0,224500.0,167300.0,0.4182,0.7452,1.0,false,false,false,true,false,false,false,false,false,false,false,27,0.0,0,0,9.45,GREEN,false,false,false,false,false,-0.215893,51.51,False,20,0,0.0,0.0,0,0,6.0,GREEN,No trained baseline threshold crossed,normal,GREEN,GREEN,No planted anomaly
MOCK-NORMAL-044,90,Brijendra Singh,Brijendra Singh,brijendra_singh,NA - Purchase of mobile water tankers,Purchase of mobile water tankers,purchase_of_mobile_water_tankers,Normal/Others,Haryana,haryana,HISAR,hisar,DEPUTY COMMISSIONER HISSAR_IDA,deputy_commissioner_hissar_ida,,,Hisar-Ii,Bherian(16),"Hisar-Ii, Bherian(16)",hisar_ii_bherian_16,2023-08-14,155000,Action Pending,Unsanctioned,Lok Sabha,f04daf9b94e4d7bb,1,false,,MOCK_VALIDATION,155000,normal_others,hisar_ii,Bherian(16),bherian_16,2023-08,2023,0.0,0.0,261,76407177,236,92047790,1519,825501755,261,76407177,-76407177.0,1,1,10,175,1,12,253,1,1,1,175,146,23,20,33,1,1,1,1,1,400000.0,500000.0,158000.0,0.3875,0.31,0.981,false,true,true,true,false,false,false,false,false,false,true,27,0.0,0,35,12.95,GREEN,false,false,false,true,false,-0.240547,28.27,False,20,0,0.0,0.0,0,45,10.5,GREEN,Project is unsanctioned with action pending,normal,GREEN,GREEN,No planted anomaly
MOCK-NORMAL-045,93,Uttam Kumar Nalamada Reddy,Uttam Kumar Nalamada Reddy,uttam_kumar_nalamada_reddy,"WS/MP771/2023-2024/56875 - Construction of roads, approach roads, link roads and pathways","Construction of roads, approach roads, link roads and pathways",construction_of_roads_approach_roads_link_roads_and_pathways,Normal/Others,Telangana,telangana,NALGONDA,nalgonda,DISTRICT COLLECTOR SURYAPET_IDA,district_collector_suryapet_ida,Nereducharla,Ward - 8,,,"Nereducharla, Ward - 8",nereducharla_ward_8,2023-12-05,400000,Approved by IDA,Completed,Lok Sabha,1d6f80f8570fbcbb,1,false,,MOCK_VALIDATION,400000,normal_others,,Nereducharla,nereducharla_ward_8,2023-12,2023,0.0,0.0,233,92698236,293,123966634,2024,751653933,233,92698236,-92698236.0,1,1,0,139,1,0,233,1,1,1,139,177,180,176,183,1,1,1,1,1,400000.0,350000.0,400000.0,1.0,1.1429,1.0,false,false,false,true,false,false,false,false,false,false,false,17,0.71,0,0,6.2,GREEN,false,false,false,false,false,-0.243375,23.63,False,10,0,0.0,0.0,0,0,3.0,GREEN,No trained baseline threshold crossed,normal,GREEN,GREEN,No planted anomaly
MOCK-NORMAL-046,94,SHRI Vivek Thakur,Vivek Thakur,vivek_thakur,NA - Chapakal,Chapakal,chapakal,Normal/Others,Bihar,bihar,SITTING RAJYA SABHA,sitting_rajya_sabha,DISTRICT PLANNING OFFICER AURANGABAD_IDA,district_planning_officer_aurangabad_ida,,,Rafiganj,Makhdumpur,"Rafiganj, Makhdumpur",rafiganj_makhdumpur,2023-11-08,95500,Action Pending,Unsanctioned,Rajya Sabha,fb104fcd0e1f9399,1,false,,MOCK_VALIDATION,95500,normal_others,rafiganj,Makhdumpur,makhdumpur,2023-11,2023,147000000.0,0.0006,52,52772600,230,109346500,4575,3315478980,10723,8317795158,94227400.0,1,1,1,2,4,27,10562,2,2,1,2,1,13,1,2,2,4,1,1,1,400000.0,500000.0,490000.0,0.2388,0.191,0.1949,false,true,true,true,false,false,false,false,false,false,true,33,0.0,0,35,15.05,GREEN,false,false,false,true,false,-0.185198,68.69,False,26,0,0.0,0.0,0,45,12.3,GREEN,Project is unsanctioned with action pending,normal,GREEN,GREEN,No planted anomaly
MOCK-NORMAL-047,97,Chaudhary Mehboob Ali Kaiser,Chaudhary Mehboob Ali Kaiser,chaudhary_mehboob_ali_kaiser,NA - Construction of public toilets and bathrooms,Construction of public toilets and bathrooms,construction_of_public_toilets_and_bathrooms,Normal/Others,Bihar,bihar,KHAGARIA,khagaria,DISTRICT PLANNING OFFICER SAHARSA_IDA,district_planning_officer_saharsa_ida,,,Simri Bakhtiarpur,Dhanupra,"Simri Bakhtiarpur, Dhanupra",simri_bakhtiarpur_dhanupra,2024-02-04,200000,Action Pending,Unsanctioned,Lok Sabha,56a29492f60c612e,1,false,,MOCK_VALIDATION,200000,normal_others,simri_bakhtiarpur,Dhanupra,dhanupra,2024-02,2024,0.0,0.0,71,26979604,134,121922500,4575,3315478980,71,26979604,-26979604.0,1,1,2,2,1,13,71,1,1,1,2,3,2,2,3,1,1,1,1,1,400000.0,500000.0,210000.0,0.5,0.4,0.9524,false,true,true,true,false,false,false,false,false,false,true,27,0.0,0,35,12.95,GREEN,false,false,false,true,false,-0.251553,6.94,False,20,0,0.0,0.0,0,45,10.5,GREEN,Project is unsanctioned with action pending,normal,GREEN,GREEN,No planted anomaly
MOCK-NORMAL-048,99,Shri Abdul Khaleque,Abdul Khaleque,abdul_khaleque,"WS/MP314/2023-2024/18571 - Construction of roads, approach roads, link roads and pathways","Construction of roads, approach roads, link roads and pathways",construction_of_roads_approach_roads_link_roads_and_pathways,Normal/Others,Assam,assam,BARPETA,barpeta,Deputy Commissioner Bongaigaon_IDA,deputy_commissioner_bongaigaon_ida,,,Srijangram,Matraghola,"Srijangram, Matraghola",srijangram_matraghola,2023-09-11,500000,Approved by IDA,Sanctioned,Lok Sabha,8aa9fb2aca4b0b62,1,false,,MOCK_VALIDATION,500000,normal_others,srijangram,Matraghola,matraghola,2023-09,2023,0.0,0.0,127,65130000,32,16540000,1399,777526830,127,65130000,-65130000.0,1,1,2,37,1,13,121,1,1,1,37,7,8,4,39,1,1,1,0,0,400000.0,350000.0,500000.0,1.25,1.4286,1.0,false,false,false,false,true,false,false,false,false,false,false,27,2.14,0,0,10.2,GREEN,false,false,false,false,false,-0.252825,4.84,False,20,0,0.0,0.0,20,0,11.0,GREEN,No trained baseline threshold crossed,normal,GREEN,GREEN,No planted anomaly
MOCK-NORMAL-049,100,MK Vishnu Prasad,Mk Vishnu Prasad,mk_vishnu_prasad,WS/MP737/2023-2024/7800 - Lighting of public spaces,Lighting of public spaces,lighting_of_public_spaces,Normal/Others,Tamil Nadu,tamil_nadu,ARANI,arani,DISTRICT COLLECTOR VILLUPURAM_IDA,district_collector_villupuram_ida,,,Vallam,Aviyur,"Vallam, Aviyur",vallam_aviyur,2023-08-03,435000,Approved by IDA,Sanctioned,Lok Sabha,4946b79925e3725b,1,false,,MOCK_VALIDATION,435000,normal_others,vallam,Aviyur,aviyur,2023-08,2023,0.0,0.0,86,40060000,271,90281500,3716,3371781302,86,40060000,-40060000.0,1,1,2,37,3,35,85,1,3,1,37,11,24,12,82,3,3,1,1,1,400000.0,500000.0,435000.0,1.0875,0.87,1.0,false,false,false,true,false,false,false,false,false,false,false,31,0.0,0,0,10.85,GREEN,false,false,false,false,false,-0.228909,40.47,False,24,0,0.0,0.0,0,0,7.2,GREEN,No trained baseline threshold crossed,normal,GREEN,GREEN,No planted anomaly
MOCK-NORMAL-050,101,Ramdas Chandrabhanji Tadas,Ramdas Chandrabhanji Tadas,ramdas_chandrabhanji_tadas,WS/MP678/2023-2024/42551 - Street lights,Street lights,street_lights,Normal/Others,Maharashtra,maharashtra,WARDHA,wardha,DISTRICT COLLECTOR WARDHA_IDA,district_collector_wardha_ida,,,Wardha,Satoda,"Wardha, Satoda",wardha_satoda,2023-10-31,238328,Approved by IDA,Ongoing,Lok Sabha,5569660a2c6bbf7d,1,false,,MOCK_VALIDATION,238328,normal_others,wardha,Satoda,satoda,2023-10,2023,0.0,0.0,145,49213367,134,40188367,633,508290495,145,49213367,-49213367.0,1,1,1,2,1,18,145,1,1,1,2,1,34,34,7,1,1,1,1,1,400000.0,796000.0,200000.0,0.5958,0.2994,1.1916,false,false,false,true,false,false,false,false,false,false,false,27,0.96,0,0,9.79,GREEN,false,false,false,false,false,-0.252223,5.79,False,20,0,0.0,0.0,0,0,6.0,GREEN,No trained baseline threshold crossed,normal,GREEN,GREEN,No planted anomaly
MOCK-NORMAL-051,103,D Ravikumar,D Ravikumar,d_ravikumar,WS/MP457/2023-2024/6352 - Purchase of furniture and fixtures for educational purposes,Purchase of furniture and fixtures for educational purposes,purchase_of_furniture_and_fixtures_for_educational_purposes,Normal/Others,Tamil Nadu,tamil_nadu,VILUPPURAM(SC),viluppuram_sc,DISTRICT COLLECTOR VILLUPURAM_IDA,district_collector_villupuram_ida,,,Vikravandi,Mundiyambakkam,"Vikravandi, Mundiyambakkam",vikravandi_mundiyambakkam,2023-07-25,135000,Approved by IDA,Ongoing,Lok Sabha,69e24732b0a69953,1,false,,MOCK_VALIDATION,135000,normal_others,vikravandi,Mundiyambakkam,mundiyambakkam,2023-07,2023,197598306.11,0.0007,203,60626000,271,90281500,3716,3371781302,203,60626000,136972306.11,1,1,11,46,2,22,203,2,2,1,46,39,20,20,20,2,2,1,1,1,400000.0,500000.0,250000.0,0.3375,0.27,0.54,false,false,false,true,false,false,false,false,false,false,false,29,0.0,0,0,10.15,GREEN,false,false,false,false,false,-0.231755,37.93,False,22,0,0.0,0.0,0,0,6.6,GREEN,No trained baseline threshold crossed,normal,GREEN,GREEN,No planted anomaly
MOCK-NORMAL-052,105,Seyed Tufail Hasan,Seyed Tufail Hasan,seyed_tufail_hasan,NA - Lighting of public spaces,Lighting of public spaces,lighting_of_public_spaces,Normal/Others,Uttar Pradesh,uttar_pradesh,MORADABAD,moradabad,DISTRICT MAGISTRATE BIJNOR_IDA,district_magistrate_bijnor_ida,Afzalgarh,15,,,"Afzalgarh, 15",afzalgarh_15,2023-07-24,167000,Action Pending,Unsanctioned,Lok Sabha,175648d473549d34,1,false,,MOCK_VALIDATION,167000,normal_others,,Afzalgarh,afzalgarh_15,2023-07,2023,0.0,0.0,102,24987199,185,72001300,5313,2961624043,102,24987199,-24987199.0,1,1,0,80,1,0,102,1,1,1,80,137,4,3,30,1,1,1,1,1,400000.0,224500.0,173600.0,0.4175,0.7439,0.962,false,true,true,true,false,false,false,false,false,false,true,17,0.0,0,35,9.45,GREEN,false,false,false,true,false,-0.252897,4.71,False,10,0,0.0,0.0,0,45,7.5,GREEN,Project is unsanctioned with action pending,normal,GREEN,GREEN,No planted anomaly
MOCK-NORMAL-053,108,Chirag Paswan,Chirag Paswan,chirag_paswan,"NA - Construction of roads, link roads, pathways or any other road with or without drainage system","Construction of roads, link roads, pathways or any other road with or without drainage system",construction_of_roads_link_roads_pathways_or_any_other_road_with_or_without_drainage_system,Normal/Others,Bihar,bihar,JAMUI(SC),jamui_sc,DISTRICT PLANNING OFFICER JAMUI_IDA,district_planning_officer_jamui_ida,,,Jamui,Kakan,"Jamui, Kakan",jamui_kakan,2023-12-04,350000,Action Pending,Unsanctioned,Lok Sabha,446f828ee88d725b,1,false,,MOCK_VALIDATION,350000,normal_others,jamui,Kakan,kakan,2023-12,2023,147000000.0,0.0024,256,78355800,210,58034700,4575,3315478980,256,78355800,68644200.0,1,1,5,15,2,59,256,2,2,1,15,10,10,10,12,2,2,1,1,1,400000.0,500000.0,350000.0,0.875,0.7,1.0,false,true,true,true,false,false,false,false,false,false,true,29,0.0,0,35,13.65,GREEN,false,false,false,true,false,-0.215787,51.63,False,22,0,0.0,0.0,0,45,11.1,GREEN,Project is unsanctioned with action pending,normal,GREEN,GREEN,No planted anomaly
MOCK-NORMAL-054,110,Basanta Kumar Panda,Basanta Kumar Panda,basanta_kumar_panda,NA - Construction of community centers and community halls,Construction of community centers and community halls,construction_of_community_centers_and_community_halls,Normal/Others,Odisha,odisha,KALAHANDI,kalahandi,DISTRICT COLLECTOR KALAHANDI_IDA,district_collector_kalahandi_ida,,,Narala,Dendrabahali,"Narala, Dendrabahali",narala_dendrabahali,2024-01-05,200000,Action Pending,Unsanctioned,Lok Sabha,7a4299506af6f72a,1,false,,MOCK_VALIDATION,200000,normal_others,narala,Dendrabahali,dendrabahali,2024-01,2024,0.0,0.0,233,66300000,194,87750000,3844,1383253124,233,66300000,-66300000.0,1,1,10,122,1,16,226,1,1,1,122,66,34,34,31,1,1,1,1,1,400000.0,250000.0,250000.0,0.5,0.8,0.8,false,true,true,true,false,false,false,false,false,false,true,27,0.0,0,35,12.95,GREEN,false,false,false,true,false,-0.25158,6.91,False,20,0,0.0,0.0,0,45,10.5,GREEN,Project is unsanctioned with action pending,normal,GREEN,GREEN,No planted anomaly
MOCK-NORMAL-055,112,SHRI. Prashanta Nanda,Prashanta Nanda,prashanta_nanda,NA - Street lights,Street lights,street_lights,Normal/Others,Odisha,odisha,SITTING RAJYA SABHA,sitting_rajya_sabha,DISTRICT COLLECTOR JAGATSINGHPUR_IDA,district_collector_jagatsinghpur_ida,,,Jagatsinghpur,Gumutipur,"Jagatsinghpur, Gumutipur",jagatsinghpur_gumutipur,2023-07-07,200000,Action Pending,Unsanctioned,Rajya Sabha,671f0489c2c8a8b4,1,false,,MOCK_VALIDATION,200000,normal_others,jagatsinghpur,Gumutipur,gumutipur,2023-07,2023,0.0,0.0,175,73850000,224,59875000,3844,1383253124,10723,8317795158,-73850000.0,1,1,20,644,2,52,10562,2,2,1,39,42,20,14,14,2,2,1,1,1,400000.0,250000.0,490000.0,0.5,0.8,0.4082,false,true,true,true,false,false,false,false,false,false,true,29,0.0,0,35,13.65,GREEN,false,false,false,true,false,-0.186706,67.96,False,22,0,0.0,0.0,0,45,11.1,GREEN,Project is unsanctioned with action pending,normal,GREEN,GREEN,No planted anomaly
MOCK-NORMAL-056,113,Bheemrao Baswanthrao Patil,Bheemrao Baswanthrao Patil,bheemrao_baswanthrao_patil,NA - Installing tube-wells and borewells,Installing tube-wells and borewells,installing_tube_wells_and_borewells,Normal/Others,Telangana,telangana,ZAHIRABAD,zahirabad,District Collector Kamareddy_IDA,district_collector_kamareddy_ida,,,Machareddy,Ghanpur (M),"Machareddy, Ghanpur (M)",machareddy_ghanpur_m,2024-01-17,80000,Action Pending,Unsanctioned,Lok Sabha,4192abc183d68458,1,false,,MOCK_VALIDATION,80000,normal_others,machareddy,Ghanpur (M),ghanpur_m,2024-01,2024,0.0,0.0,182,38399000,82,19249000,2024,751653933,182,38399000,-38399000.0,1,1,6,32,1,6,182,1,1,1,32,31,27,21,29,1,1,1,1,1,400000.0,350000.0,100000.0,0.2,0.2286,0.8,false,true,true,true,false,false,false,false,false,false,true,23,0.0,0,35,11.55,GREEN,false,false,false,true,false,-0.250145,9.54,False,16,0,0.0,0.0,0,45,9.3,GREEN,Project is unsanctioned with action pending,normal,GREEN,GREEN,No planted anomaly
MOCK-NORMAL-057,114,Smt Pramila Bisoyi,Pramila Bisoyi,pramila_bisoyi,NA - Construction of community centers and community halls,Construction of community centers and community halls,construction_of_community_centers_and_community_halls,Normal/Others,Odisha,odisha,ASKA,aska,DISTRICT COLLECTOR GANJAM_IDA,district_collector_ganjam_ida,,,Sheragada,Kamaladeipur,"Sheragada, Kamaladeipur",sheragada_kamaladeipur,2023-09-19,200000,Action Pending,Unsanctioned,Lok Sabha,fdf820b5e74e3deb,1,false,,MOCK_VALIDATION,200000,normal_others,sheragada,Kamaladeipur,kamaladeipur,2023-09,2023,0.0,0.0,203,62530000,290,97035000,3844,1383253124,203,62530000,-62530000.0,1,1,30,167,1,31,195,1,1,1,167,218,16,16,50,1,1,1,1,1,400000.0,250000.0,200000.0,0.5,0.8,1.0,false,true,true,true,false,false,false,false,false,false,true,27,0.0,0,35,12.95,GREEN,false,false,false,true,false,-0.229573,39.89,False,20,0,0.0,0.0,0,45,10.5,GREEN,Project is unsanctioned with action pending,normal,GREEN,GREEN,No planted anomaly
MOCK-NORMAL-058,115,Shri Masthan Rao Beeda,Masthan Rao Beeda,masthan_rao_beeda,"WS/MP031/2023-2024/31324 - Construction of roads, approach roads, link roads and pathways","Construction of roads, approach roads, link roads and pathways",construction_of_roads_approach_roads_link_roads_and_pathways,Normal/Others,Andhra Pradesh,andhra_pradesh,SITTING RAJYA SABHA,sitting_rajya_sabha,DISTRICT COLLECTOR NELLORE_IDA,district_collector_nellore_ida,Nellore,24th Ward,,,"Nellore, 24th Ward",nellore_24th_ward,2023-10-04,500000,Approved by IDA,Unsanctioned,Rajya Sabha,02fb144127aefba6,1,false,,MOCK_VALIDATION,500000,normal_others,,Nellore,nellore_24th_ward,2023-10,2023,0.0,0.0,64,60399000,257,204603774,3131,2344937649,10723,8317795158,-60399000.0,1,1,0,1947,1,0,10562,1,1,1,24,100,1,1,34,1,1,1,0,0,400000.0,500000.0,490000.0,1.25,1.0,1.0204,false,true,false,false,true,false,false,false,false,false,false,17,0.1,0,0,5.98,GREEN,false,false,false,false,false,-0.180441,70.83,False,10,0,0.0,0.0,20,0,8.0,GREEN,No trained baseline threshold crossed,normal,GREEN,GREEN,No planted anomaly
MOCK-NORMAL-059,117,Smt Aparajita Sarangi,Aparajita Sarangi,aparajita_sarangi,WS/MP300/2023-2024/763 - Installing community drinking water plants,Installing community drinking water plants,installing_community_drinking_water_plants,Normal/Others,Odisha,odisha,BHUBANESWAR,bhubaneswar,DISTRICT COLLECTOR KHORDHA_IDA,district_collector_khordha_ida,,,Bolagarh,Khanati,"Bolagarh, Khanati",bolagarh_khanati,2023-06-09,100000,Approved by IDA,Unsanctioned,Lok Sabha,3338c8c185b37ea1,1,false,,MOCK_VALIDATION,100000,normal_others,bolagarh,Khanati,khanati,2023-06,2023,147420861.41,0.0007,434,61235000,507,103926752,3844,1383253124,434,61235000,86185861.41,1,1,15,190,1,30,429,1,1,1,190,190,118,118,118,1,1,1,1,1,400000.0,250000.0,100000.0,0.25,0.4,1.0,false,true,false,true,false,false,false,false,false,false,false,27,0.0,0,0,9.45,GREEN,false,false,false,false,false,-0.185023,68.81,False,20,0,0.0,0.0,0,0,6.0,GREEN,No trained baseline threshold crossed,normal,GREEN,GREEN,No planted anomaly
MOCK-NORMAL-060,118,Shri PP Chaudhary,Pp Chaudhary,pp_chaudhary,NA - Development of playground,Development of playground,development_of_playground,Normal/Others,Rajasthan,rajasthan,PALI,pali,DISTRICT COLLECTOR JODHPUR_IDA,district_collector_jodhpur_ida,,,Peepad Sahar,Khangata,"Peepad Sahar, Khangata",peepad_sahar_khangata,2023-08-31,1000000,Action Pending,Unsanctioned,Lok Sabha,0caca6117dc83a54,1,false,,MOCK_VALIDATION,1000000,normal_others,peepad_sahar,Khangata,khangata,2023-08,2023,147000000.0,0.0068,152,88899750,171,124733011,3054,1880102127,152,88899750,58100250.0,1,1,1,1,1,6,152,1,1,1,1,1,16,16,2,1,1,1,0,0,400000.0,500000.0,500000.0,2.5,2.0,2.0,false,true,true,false,false,false,false,false,false,false,true,23,5.0,0,35,13.3,GREEN,false,false,false,true,false,-0.229723,39.74,False,16,10,0.0,10.0,0,45,12.8,GREEN,Project is unsanctioned with action pending,normal,GREEN,GREEN,No planted anomaly
MOCK-NORMAL-061,120,SHRI Naranbhai J Rathwa,Naranbhai J Rathwa,naranbhai_j_rathwa,NA - CC ROAD NU KAM,CC ROAD NU KAM,cc_road_nu_kam,Normal/Others,Gujarat,gujarat,SITTING RAJYA SABHA,sitting_rajya_sabha,DISTRICT COLLECTOR VADODARA_IDA,district_collector_vadodara_ida,,,Karjan,Kanabha,"Karjan, Kanabha",karjan_kanabha,2023-10-14,300000,Action Pending,Unsanctioned,Rajya Sabha,0c310581caf5ccff,1,false,,MOCK_VALIDATION,300000,normal_others,karjan,Kanabha,kanabha,2023-10,2023,0.0,0.0,165,60575000,77,50468035,1406,785374370,10723,8317795158,-60575000.0,1,1,1,1,3,8,10562,3,3,1,1,1,15,6,1,3,3,1,1,1,400000.0,400000.0,490000.0,0.75,0.75,0.6122,false,true,true,true,false,false,false,false,false,false,true,29,0.0,0,35,13.65,GREEN,false,false,false,true,false,-0.202344,60.13,False,22,0,0.0,0.0,0,45,11.1,GREEN,Project is unsanctioned with action pending,normal,GREEN,GREEN,No planted anomaly
MOCK-NORMAL-062,121,Saumitra khan,Saumitra Khan,saumitra_khan,NA - Street lights,Street lights,street_lights,Normal/Others,West Bengal,west_bengal,BISHNUPUR(SC),bishnupur_sc,DISTRICT MAGISTRATE BANKURA_IDA,district_magistrate_bankura_ida,Bishnupur,07,,,"Bishnupur, 07",bishnupur_07,2023-12-07,228000,Action Pending,Unsanctioned,Lok Sabha,bddbc85912fb1917,1,false,,MOCK_VALIDATION,228000,normal_others,,Bishnupur,bishnupur_07,2023-12,2023,147000000.0,0.0016,21,10013000,101,27774411,2027,1692272511,21,10013000,136987000.0,1,1,0,3,2,0,19,2,2,1,3,18,3,3,19,2,2,1,1,1,400000.0,200000.0,228000.0,0.57,1.14,1.0,false,true,true,true,false,false,false,false,false,false,true,19,0.7,0,35,10.4,GREEN,false,false,false,true,false,-0.235023,35.02,False,12,0,0.0,0.0,0,45,8.1,GREEN,Project is unsanctioned with action pending,normal,GREEN,GREEN,No planted anomaly
MOCK-NORMAL-063,123,Arun Sao,Arun Sao,arun_sao,"NA - Retrofitting, preservation or conservation of heritage and archaeological monuments and buildings","Retrofitting, preservation or conservation of heritage and archaeological monuments and buildings",retrofitting_preservation_or_conservation_of_heritage_and_archaeological_monuments_and_buildings,Normal/Others,Chhattisgarh,chhattisgarh,BILASPUR,bilaspur,DISTRICT COLLECTOR BILASPUR_IDA,district_collector_bilaspur_ida,,,Belha,Amerikapa,"Belha, Amerikapa",belha_amerikapa,2023-09-30,100000,Action Pending,Unsanctioned,Lok Sabha,66efffd616791284,1,false,,MOCK_VALIDATION,100000,normal_others,belha,Amerikapa,amerikapa,2023-09,2023,0.0,0.0,152,67925000,106,48500000,1269,652370972,152,67925000,-67925000.0,1,1,1,2,1,36,152,1,1,1,2,1,28,10,2,1,1,1,1,1,400000.0,500000.0,500000.0,0.25,0.2,0.2,false,true,true,true,false,false,false,false,false,false,true,27,0.0,0,35,12.95,GREEN,false,false,false,true,false,-0.239956,29.25,False,20,0,0.0,0.0,0,45,10.5,GREEN,Project is unsanctioned with action pending,normal,GREEN,GREEN,No planted anomaly
MOCK-NORMAL-064,125,SHRI Kailash Soni,Kailash Soni,kailash_soni,WS/MP231/2023-2024/15922 - Construction of community centers and community halls,Construction of community centers and community halls,construction_of_community_centers_and_community_halls,Normal/Others,Madhya Pradesh,madhya_pradesh,SITTING RAJYA SABHA,sitting_rajya_sabha,DISTRICT COLLECTOR NARSINGHPUR_IDA,district_collector_narsinghpur_ida,,,Kareli,Amthanu,"Kareli, Amthanu",kareli_amthanu,2023-09-04,400000,Approved by IDA,Unsanctioned,Rajya Sabha,8bc6fbcb4fe8299c,1,false,,MOCK_VALIDATION,400000,normal_others,kareli,Amthanu,amthanu,2023-09,2023,0.0,0.0,92,34025000,132,32540180,1999,1177605275,10723,8317795158,-34025000.0,1,1,9,729,1,38,10562,1,1,1,32,37,4,2,20,1,1,1,1,1,400000.0,299000.0,490000.0,1.0,1.3378,0.8163,false,true,false,true,false,false,false,false,false,false,false,27,1.69,0,0,10.04,GREEN,false,false,false,false,false,-0.208478,56.84,False,20,0,0.0,0.0,0,0,6.0,GREEN,No trained baseline threshold crossed,normal,GREEN,GREEN,No planted anomaly
MOCK-NORMAL-065,128,Shri Kunwar Danish Ali,Kunwar Danish Ali,kunwar_danish_ali,WS/MP408/2023-2024/38828 - Lighting of public spaces,Lighting of public spaces,lighting_of_public_spaces,Normal/Others,Uttar Pradesh,uttar_pradesh,AMROHA,amroha,DISTRICT MAGISTRATE JYOTIBAPHULE NAGAR_IDA,district_magistrate_jyotibaphule_nagar_ida,,,Gajraula,Sultanpur Ther Mohmadpur,"Gajraula, Sultanpur Ther Mohmadpur",gajraula_sultanpur_ther_mohmadpur,2023-10-20,167300,Approved by IDA,Sanctioned,Lok Sabha,0a95ad8750525c35,1,false,,MOCK_VALIDATION,167300,normal_others,gajraula,Sultanpur Ther Mohmadpur,sultanpur_ther_mohmadpur,2023-10,2023,0.0,0.0,154,30370900,157,30550100,5313,2961624043,154,30370900,-30370900.0,1,1,9,133,1,12,154,1,1,1,133,137,23,23,29,1,1,1,1,1,400000.0,224500.0,167300.0,0.4182,0.7452,1.0,false,false,false,true,false,false,false,false,false,false,false,27,0.0,0,0,9.45,GREEN,false,false,false,false,false,-0.252431,5.41,False,20,0,0.0,0.0,0,0,6.0,GREEN,No trained baseline threshold crossed,normal,GREEN,GREEN,No planted anomaly
MOCK-NORMAL-066,129,SH Derek o Brien,Sh Derek O Brien,sh_derek_o_brien,WS/MP220/2023-2024/4230 - Installing tube-wells and borewells,Installing tube-wells and borewells,installing_tube_wells_and_borewells,Normal/Others,West Bengal,west_bengal,SITTING RAJYA SABHA,sitting_rajya_sabha,DISTRICT MAGISTRATE HOOGHLY_IDA,district_magistrate_hooghly_ida,,,Chinsurah-Magrah,Dadpur,"Chinsurah-Magrah, Dadpur",chinsurah_magrah_dadpur,2023-07-17,200000,Approved by IDA,Unsanctioned,Rajya Sabha,b7d0b360ce0693de,1,false,,MOCK_VALIDATION,200000,normal_others,chinsurah_magrah,Dadpur,dadpur,2023-07,2023,0.0,0.0,565,112998056,97,42097544,2027,1692272511,10723,8317795158,-112998056.0,1,1,5,1260,1,5,10562,1,1,1,565,12,54,10,81,1,1,1,1,1,400000.0,200000.0,490000.0,0.5,1.0,0.4082,false,true,false,true,false,false,false,false,false,false,false,22,0.0,0,0,7.7,GREEN,false,false,false,false,false,-0.173215,73.73,False,15,0,0.0,0.0,0,0,4.5,GREEN,No trained baseline threshold crossed,normal,GREEN,GREEN,No planted anomaly
MOCK-NORMAL-067,130,BP Saroj Bholanath,Bp Saroj Bholanath,bp_saroj_bholanath,WS/MP469/2023-2024/11434 - Lighting of public spaces,Lighting of public spaces,lighting_of_public_spaces,Normal/Others,Uttar Pradesh,uttar_pradesh,MACHHLISHAHR(SC),machhlishahr_sc,DISTRICT MAGISTRATE JAUNPUR_IDA,district_magistrate_jaunpur_ida,,,Mariyahu,Mukundpur,"Mariyahu, Mukundpur",mariyahu_mukundpur,2023-08-20,178000,Approved by IDA,Ongoing,Lok Sabha,eadaf7e0554aaf56,1,false,,MOCK_VALIDATION,178000,normal_others,mariyahu,Mukundpur,mukundpur,2023-08,2023,0.0,0.0,189,27259450,234,158069158,5313,2961624043,189,27259450,-27259450.0,1,1,7,132,3,7,189,1,1,1,132,140,106,106,117,1,3,1,1,1,400000.0,224500.0,178000.0,0.445,0.7929,1.0,false,false,false,true,false,false,false,false,false,false,false,28,0.0,0,0,9.8,GREEN,false,false,false,false,false,-0.243719,23.03,False,21,0,0.0,0.0,0,0,6.3,GREEN,No trained baseline threshold crossed,normal,GREEN,GREEN,No planted anomaly
MOCK-NORMAL-068,132,Annpurna Devi,Annpurna Devi,annpurna_devi,"NA - Construction of roads, approach roads, link roads and pathways","Construction of roads, approach roads, link roads and pathways",construction_of_roads_approach_roads_link_roads_and_pathways,Normal/Others,Jharkhand,jharkhand,KODARMA,kodarma,DEPUTY COMMISSIONER KODARMA_IDA,deputy_commissioner_kodarma_ida,,,Domchanch,Bangaikalan,"Domchanch, Bangaikalan",domchanch_bangaikalan,2023-12-25,300000,Action Pending,Unsanctioned,Lok Sabha,073a7e64633a1b00,1,false,,MOCK_VALIDATION,300000,normal_others,domchanch,Bangaikalan,bangaikalan,2023-12,2023,166665931.8,0.0018,211,56064000,57,16895000,1837,812117471,211,56064000,110601931.8,1,1,7,40,1,10,210,1,1,1,40,17,1,1,9,1,1,1,1,1,400000.0,300000.0,250000.0,0.75,1.0,1.2,false,true,true,true,false,false,false,false,false,false,true,27,1.0,0,35,13.3,GREEN,false,false,false,true,false,-0.246733,17.12,False,20,0,0.0,0.0,0,45,10.5,GREEN,Project is unsanctioned with action pending,normal,GREEN,GREEN,No planted anomaly
MOCK-NORMAL-069,136,Smt Aparajita Sarangi,Aparajita Sarangi,aparajita_sarangi,WS/MP300/2023-2024/813 - Installing community drinking water plants,Installing community drinking water plants,installing_community_drinking_water_plants,Normal/Others,Odisha,odisha,BHUBANESWAR,bhubaneswar,DISTRICT COLLECTOR KHORDHA_IDA,district_collector_khordha_ida,,,Tangi,Rameswar,"Tangi, Rameswar",tangi_rameswar,2023-06-09,100000,Approved by IDA,Unsanctioned,Lok Sabha,1f83b07abd1fe43b,1,false,,MOCK_VALIDATION,100000,normal_others,tangi,Rameswar,rameswar,2023-06,2023,147420861.41,0.0007,434,61235000,507,103926752,3844,1383253124,434,61235000,86185861.41,1,1,24,190,3,69,429,2,2,1,190,190,118,118,118,2,3,1,1,1,400000.0,250000.0,100000.0,0.25,0.4,1.0,false,true,false,true,false,false,false,false,false,false,false,31,0.0,0,0,10.85,GREEN,false,false,false,false,false,-0.151414,80.49,False,24,0,0.0,0.0,0,0,7.2,GREEN,No trained baseline threshold crossed,normal,GREEN,GREEN,No planted anomaly
MOCK-NORMAL-070,137,Shri Abdul Khaleque,Abdul Khaleque,abdul_khaleque,"WS/MP314/2023-2024/16343 - Construction of roads, approach roads, link roads and pathways","Construction of roads, approach roads, link roads and pathways",construction_of_roads_approach_roads_link_roads_and_pathways,Normal/Others,Assam,assam,BARPETA,barpeta,DEPUTY COMMISSIONER BARPETA_IDA,deputy_commissioner_barpeta_ida,,,Ruposhi,Dimapur,"Ruposhi, Dimapur",ruposhi_dimapur,2023-09-04,300000,Approved by IDA,Sanctioned,Lok Sabha,ee262ea5dbdd8240,1,false,,MOCK_VALIDATION,300000,normal_others,ruposhi,Dimapur,dimapur,2023-09,2023,0.0,0.0,127,65130000,105,61590000,1399,777526830,127,65130000,-65130000.0,1,1,9,37,1,18,121,1,1,1,37,36,3,3,74,1,1,1,1,1,400000.0,350000.0,500000.0,0.75,0.8571,0.6,false,false,false,true,false,false,false,false,false,false,false,27,0.0,0,0,9.45,GREEN,false,false,false,false,false,-0.255003,1.36,False,20,0,0.0,0.0,0,0,6.0,GREEN,No trained baseline threshold crossed,normal,GREEN,GREEN,No planted anomaly
MOCK-DUPLICATE-001,1,Smt Seema Dwivedi,Seema Dwivedi,seema_dwivedi,NA - Improvement of electricity distribution infrastructure,Improvement of electricity distribution infrastructure - duplicate recommendation,improvement_of_electricity_distribution_infrastructure,Normal/Others,Uttar Pradesh,uttar_pradesh,SITTING RAJYA SABHA,sitting_rajya_sabha,DISTRICT MAGISTRATE JAUNPUR_IDA,district_magistrate_jaunpur_ida,,,Maharaj Ganj,Uday Bhanpur,"Maharaj Ganj, Uday Bhanpur",maharaj_ganj_uday_bhanpur,2023-10-26,131000,Approved by IDA,Unsanctioned,Rajya Sabha,6a220101b6c2026c,5,true,,MOCK_VALIDATION,131000,normal_others,maharaj_ganj,Uday Bhanpur,uday_bhanpur,2023-10,2023,173830159.11,0.0008,57,36135287,234,158069158,5313,2961624043,10723,8317795158,137694872.11,5,5,5,77,5,5,10562,5,5,5,9,9,3,3,3,1,1,5,1,1,400000.0,224500.0,490000.0,0.3275,0.5835,0.2673,false,true,false,true,false,false,false,false,false,false,false,19,0.0,0,0,6.65,GREEN,true,false,false,false,true,-0.211664,54.68,False,12,0,0.0,0.0,0,0,3.6,GREEN,No trained baseline threshold crossed,duplicate,YELLOW,YELLOW,Same work repeated in same locality
MOCK-DUPLICATE-002,2,Ramesh Chander Kaushik,Ramesh Chander Kaushik,ramesh_chander_kaushik,NA - Setting up public non-conventional energy plants,Setting up public non-conventional energy plants - duplicate recommendation,setting_up_public_non_conventional_energy_plants,Normal/Others,Haryana,haryana,SONEPAT,sonepat,Deputy Commissioner Jind_IDA,deputy_commissioner_jind_ida,,,Jind,Ahirka (83),"Jind, Ahirka (83)",jind_ahirka_83,2023-09-02,392564,Approved by IDA,Unsanctioned,Lok Sabha,7d16551044698e4c,5,true,,MOCK_VALIDATION,392564,normal_others,jind,Ahirka (83),ahirka_83,2023-09,2023,0.0,0.0,131,80726721,146,68955825,1519,825501755,131,80726721,-80726721.0,5,5,5,61,5,12,122,5,5,5,61,23,57,24,55,1,1,5,1,1,400000.0,500000.0,392564.0,0.9814,0.7851,1.0,false,true,false,true,false,false,false,false,false,false,false,27,0.0,0,0,9.45,GREEN,true,false,false,false,true,-0.256127,0.31,False,20,0,0.0,0.0,0,0,6.0,GREEN,No trained baseline threshold crossed,duplicate,YELLOW,YELLOW,Same work repeated in same locality
MOCK-DUPLICATE-003,4,Chunni lal Sahu,Chunni Lal Sahu,chunni_lal_sahu,NA - Construction of common work sheds/ common covered sitting area,Construction of common work sheds/ common covered sitting area - duplicate recommendation,construction_of_common_work_sheds_common_covered_sitting_area,Normal/Others,Chhattisgarh,chhattisgarh,MAHASAMUND,mahasamund,DISTRICT COLLECTOR MAHASAMUND_IDA,district_collector_mahasamund_ida,,,Pithora,Gadbeda,"Pithora, Gadbeda",pithora_gadbeda,2023-12-21,500000,Action Pending,Unsanctioned,Lok Sabha,beb9ac4dcb44ed0f,5,true,,MOCK_VALIDATION,500000,normal_others,pithora,Gadbeda,gadbeda,2023-12,2023,0.0,0.0,76,41229533,45,24680000,1269,652370972,76,41229533,-41229533.0,5,5,5,6,5,11,76,5,5,5,6,3,21,12,17,1,1,5,0,0,400000.0,500000.0,500000.0,1.25,1.0,1.0,false,true,true,false,true,false,false,false,false,false,true,27,0.0,0,35,12.95,GREEN,true,false,false,true,true,-0.253148,4.33,False,20,0,0.0,0.0,20,45,15.5,GREEN,Project is unsanctioned with action pending,duplicate,YELLOW,YELLOW,Same work repeated in same locality
MOCK-DUPLICATE-004,5,SHRI CM Ramesh,Cm Ramesh,cm_ramesh,NA - Installing community drinking water plants,Installing community drinking water plants - duplicate recommendation,installing_community_drinking_water_plants,Normal/Others,Andhra Pradesh,andhra_pradesh,SITTING RAJYA SABHA,sitting_rajya_sabha,DISTRICT COLLECTOR CUDDAPAH_IDA,district_collector_cuddapah_ida,,,Peddamudium,Balapana Gudur,"Peddamudium, Balapana Gudur",peddamudium_balapana_gudur,2023-09-04,225000,Approved by IDA,Unsanctioned,Rajya Sabha,100a72aa9f88e175,5,true,,MOCK_VALIDATION,225000,normal_others,peddamudium,Balapana Gudur,balapana_gudur,2023-09,2023,0.0,0.0,98,101748356,169,225247356,3131,2344937649,10723,8317795158,-101748356.0,5,5,5,220,5,5,10562,5,5,5,47,47,24,19,26,1,1,5,1,1,400000.0,500000.0,490000.0,0.5625,0.45,0.4592,false,true,false,true,false,false,false,false,false,false,false,19,0.0,0,0,6.65,GREEN,true,false,false,false,true,-0.222334,46.11,False,12,0,0.0,0.0,0,0,3.6,GREEN,No trained baseline threshold crossed,duplicate,YELLOW,YELLOW,Same work repeated in same locality
MOCK-DUPLICATE-005,6,Ajay Bhatt,Ajay Bhatt,ajay_bhatt,NA - Construction of common work sheds/ common covered sitting area,Construction of common work sheds/ common covered sitting area - duplicate recommendation,construction_of_common_work_sheds_common_covered_sitting_area,Normal/Others,Uttarakhand,uttarakhand,NAINITAL UDHAM SINGH NAG.,nainital_udham_singh_nag,DISTRICT MAGISTRATE NAINITAL_IDA,district_magistrate_nainital_ida,,,Nainital,Alchaunaa,"Nainital, Alchaunaa",nainital_alchaunaa,2024-01-02,200000,Action Pending,Unsanctioned,Lok Sabha,c1fd5659eaa7f186,5,true,,MOCK_VALIDATION,200000,normal_others,nainital,Alchaunaa,alchaunaa,2024-01,2024,147000000.0,0.0014,262,77460962,185,50685504,1476,323104597,262,77460962,69539038.0,5,5,11,101,7,17,262,7,7,5,101,67,7,6,8,5,7,5,3,3,400000.0,160173.0,250000.0,0.5,1.2486,0.8,false,true,true,true,false,false,true,true,false,false,true,100,1.24,0,35,38.93,YELLOW,true,false,false,true,true,-0.117338,87.85,False,100,0,0.0,0.0,0,45,35.0,YELLOW,Repeated or similar-category work appears in the same locality | Project is unsanctioned with action pending,duplicate,YELLOW,YELLOW,Same work repeated in same locality
MOCK-DUPLICATE-006,7,Shri Komati Reddy Venkat Reddy,Komati Reddy Venkat Reddy,komati_reddy_venkat_reddy,NA - Street lights,Street lights - duplicate recommendation,street_lights,Normal/Others,Telangana,telangana,BHONGIR,bhongir,DISTRICT COLLECTOR YADADRI BHUVANAGIRI_IDA,district_collector_yadadri_bhuvanagiri_ida,,,Addaguduru,Addagudoor,"Addaguduru, Addagudoor",addaguduru_addagudoor,2023-12-09,223000,Action Pending,Unsanctioned,Lok Sabha,63c8cca51b12fe1c,5,true,,MOCK_VALIDATION,223000,normal_others,addaguduru,Addagudoor,addagudoor,2023-12,2023,0.0,0.0,292,71720000,156,36581000,2024,751653933,292,71720000,-71720000.0,5,5,15,177,5,16,292,5,5,5,177,110,196,69,132,2,2,5,2,2,400000.0,350000.0,150000.0,0.5575,0.6371,1.4867,false,true,true,true,false,false,true,true,false,false,true,100,2.43,0,35,39.35,YELLOW,true,false,false,true,true,-0.207631,57.3,False,100,0,0.0,0.0,0,45,35.0,YELLOW,Repeated or similar-category work appears in the same locality | Project is unsanctioned with action pending,duplicate,YELLOW,YELLOW,Same work repeated in same locality
MOCK-DUPLICATE-007,8,Smt Aparajita Sarangi,Aparajita Sarangi,aparajita_sarangi,NA - Street lights,Street lights - duplicate recommendation,street_lights,Normal/Others,Odisha,odisha,BHUBANESWAR,bhubaneswar,DISTRICT COLLECTOR KHORDHA_IDA,district_collector_khordha_ida,Bhubaneswar,Khordha Municipality Area - 22 Wards,,,"Bhubaneswar, Khordha Municipality Area - 22 Wards",bhubaneswar_khordha_municipality_area_22_wards,2023-04-26,1640000,Approved by IDA,Unsanctioned,Lok Sabha,f423889269425a6f,5,true,,MOCK_VALIDATION,1640000,normal_others,,Bhubaneswar,bhubaneswar_khordha_municipality_area_22_wards,2023-04,2023,147420861.41,0.0111,434,61235000,507,103926752,3844,1383253124,434,61235000,86185861.41,5,5,5,126,5,5,429,5,5,5,126,129,42,42,5,1,1,5,0,0,400000.0,250000.0,100000.0,4.1,6.56,16.4,false,true,false,false,false,false,false,false,true,false,false,17,100.0,0,0,40.95,YELLOW,true,true,false,false,true,-0.090409,91.31,False,10,100,0.0,100.0,0,0,38.0,YELLOW,Allocation amount is high compared with trained category/state or constituency distribution,duplicate,YELLOW,YELLOW,Same work repeated in same locality
MOCK-DUPLICATE-008,9,Ramesh Chandappa Jigajinagi,Ramesh Chandappa Jigajinagi,ramesh_chandappa_jigajinagi,NA - Construction of rooms and halls in school and colleges,Construction of rooms and halls in school and colleges - duplicate recommendation,construction_of_rooms_and_halls_in_school_and_colleges,Normal/Others,Karnataka,karnataka,BIJAPUR(SC),bijapur_sc,DEPUTY COMMISSIONER BIJAPUR_IDA,deputy_commissioner_bijapur_ida,,,Indi,Sangogi,"Indi, Sangogi",indi_sangogi,2024-01-14,250000,Action Pending,Unsanctioned,Lok Sabha,5b09a368dcd3d78e,5,true,,MOCK_VALIDATION,250000,normal_others,indi,Sangogi,sangogi,2024-01,2024,269500000.0,0.0009,325,86570000,325,86570000,3121,1670831193,325,86570000,182930000.0,5,5,10,80,5,49,325,5,5,5,80,80,5,5,5,1,1,5,1,1,400000.0,500000.0,250000.0,0.625,0.5,1.0,false,true,true,true,false,false,false,false,false,false,true,27,0.0,0,35,12.95,GREEN,true,false,false,true,true,-0.215002,52.23,False,20,0,0.0,0.0,0,45,10.5,GREEN,Project is unsanctioned with action pending,duplicate,YELLOW,YELLOW,Same work repeated in same locality
MOCK-DUPLICATE-009,10,Chaudhary Mehboob Ali Kaiser,Chaudhary Mehboob Ali Kaiser,chaudhary_mehboob_ali_kaiser,NA - Lighting of public spaces,Lighting of public spaces - duplicate recommendation,lighting_of_public_spaces,Normal/Others,Bihar,bihar,KHAGARIA,khagaria,DISTRICT PLANNING OFFICER KHAGARIA_IDA,district_planning_officer_khagaria_ida,Khagaria,5,,,"Khagaria, 5",khagaria_5,2023-09-02,210000,Approved by IDA,Unsanctioned,Lok Sabha,2f90de1eebd261f6,5,true,,MOCK_VALIDATION,210000,normal_others,,Khagaria,khagaria_5,2023-09,2023,0.0,0.0,71,26979604,63,24839604,4575,3315478980,71,26979604,-26979604.0,5,5,5,50,5,5,71,5,5,5,50,47,10,10,9,1,1,5,1,1,400000.0,500000.0,210000.0,0.525,0.42,1.0,false,true,false,true,false,false,false,false,false,false,false,17,0.0,0,0,5.95,GREEN,true,false,false,false,true,-0.249354,11.23,False,10,0,0.0,0.0,0,0,3.0,GREEN,No trained baseline threshold crossed,duplicate,YELLOW,YELLOW,Same work repeated in same locality
MOCK-DUPLICATE-010,11,Lavu Sri Krishna Devarayalu,Lavu Sri Krishna Devarayalu,lavu_sri_krishna_devarayalu,NA - Improvement of electricity distribution infrastructure,Improvement of electricity distribution infrastructure - duplicate recommendation,improvement_of_electricity_distribution_infrastructure,Normal/Others,Andhra Pradesh,andhra_pradesh,NARASARAOPET,narasaraopet,District Collector Palnadu_IDA,district_collector_palnadu_ida,,,Bellamkonda,Bellamkonda,"Bellamkonda, Bellamkonda",bellamkonda_bellamkonda,2023-10-03,100000,Approved by IDA,Unsanctioned,Lok Sabha,7aba6c7efca2ac4a,5,true,,MOCK_VALIDATION,100000,normal_others,bellamkonda,Bellamkonda,bellamkonda,2023-10,2023,174009663.11,0.0006,85,63220000,94,78320000,3131,2344937649,85,63220000,110789663.11,5,5,5,34,5,5,85,5,5,5,34,34,24,25,31,2,2,5,2,2,400000.0,500000.0,800000.0,0.25,0.2,0.125,false,true,false,true,false,false,true,true,false,false,false,100,0.0,0,0,35.0,YELLOW,true,false,false,false,true,-0.204168,59.27,False,100,0,0.0,0.0,0,0,35.0,YELLOW,Repeated or similar-category work appears in the same locality,duplicate,YELLOW,YELLOW,Same work repeated in same locality
MOCK-COST_OUTLIER-001,1,Smt Seema Dwivedi,Seema Dwivedi,seema_dwivedi,WS/MP202/2023-2024/40681 - Improvement of electricity distribution infrastructure,Improvement of electricity distribution infrastructure,improvement_of_electricity_distribution_infrastructure,Normal/Others,Uttar Pradesh,uttar_pradesh,SITTING RAJYA SABHA,sitting_rajya_sabha,DISTRICT MAGISTRATE JAUNPUR_IDA,district_magistrate_jaunpur_ida,,,Maharaj Ganj,Uday Bhanpur,"Maharaj Ganj, Uday Bhanpur",maharaj_ganj_uday_bhanpur,2023-10-26,3200000,Approved by IDA,Unsanctioned,Rajya Sabha,6a220101b6c2026c,1,false,,MOCK_VALIDATION,3200000.0,normal_others,maharaj_ganj,Uday Bhanpur,uday_bhanpur,2023-10,2023,173830159.11,0.0008,57,36135287,234,158069158,5313,2961624043,10723,8317795158,137694872.11,1,1,1,77,1,2,10562,1,1,1,9,9,3,3,3,1,1,1,1,1,400000.0,224500.0,490000.0,8.0,8.0,8.0,false,true,false,true,false,true,false,false,false,false,false,19,0.0,0,0,6.65,GREEN,false,true,false,false,true,-0.211664,54.68,False,12,0,0.0,0.0,0,0,3.6,GREEN,No trained baseline threshold crossed,cost_outlier,YELLOW,YELLOW,Allocation amount is inflated against trained medians
MOCK-COST_OUTLIER-002,2,Ramesh Chander Kaushik,Ramesh Chander Kaushik,ramesh_chander_kaushik,WS/MP592/2023-2024/15264 - Setting up public non-conventional energy plants,Setting up public non-conventional energy plants,setting_up_public_non_conventional_energy_plants,Normal/Others,Haryana,haryana,SONEPAT,sonepat,Deputy Commissioner Jind_IDA,deputy_commissioner_jind_ida,,,Jind,Ahirka (83),"Jind, Ahirka (83)",jind_ahirka_83,2023-09-02,3200000,Approved by IDA,Unsanctioned,Lok Sabha,7d16551044698e4c,1,false,,MOCK_VALIDATION,3200000.0,normal_others,jind,Ahirka (83),ahirka_83,2023-09,2023,0.0,0.0,131,80726721,146,68955825,1519,825501755,131,80726721,-80726721.0,1,1,3,61,1,12,122,1,1,1,61,23,57,24,55,1,1,1,1,1,400000.0,500000.0,392564.0,8.0,8.0,8.0,false,true,false,true,false,true,false,false,false,false,false,27,0.0,0,0,9.45,GREEN,false,true,false,false,true,-0.256127,0.31,False,20,0,0.0,0.0,0,0,6.0,GREEN,No trained baseline threshold crossed,cost_outlier,YELLOW,YELLOW,Allocation amount is inflated against trained medians
MOCK-COST_OUTLIER-003,3,K Jayakumar,K Jayakumar,k_jayakumar,WS/MP735/2023-2024/60695 - Construction of bus-sheds or bus-stops,Construction of bus-sheds or bus-stops,construction_of_bus_sheds_or_bus_stops,Normal/Others,Tamil Nadu,tamil_nadu,TIRUVALLUR(SC),tiruvallur_sc,DISTRICT COLLECTOR TIRUVALLUR_IDA,district_collector_tiruvallur_ida,,,,,,,2023-12-12,3200000,Approved by IDA,,Lok Sabha,2657c9a30711717a,1,false,missing_locality,MOCK_VALIDATION,3200000.0,normal_others,,,,2023-12,2023,0.0,0.0,93,60477700,127,102642927,3716,3371781302,93,60477700,-60477700.0,0,0,0,5,0,0,93,0,0,0,5,5,45,45,19,0,0,0,0,0,400000.0,500000.0,435000.0,8.0,8.0,8.0,true,false,false,false,false,true,false,false,false,false,false,0,3.61,0,0,1.26,GREEN,false,true,false,false,true,-0.152131,80.26,False,0,0,0.0,0.0,0,0,0.0,GREEN,No trained baseline threshold crossed,cost_outlier,YELLOW,YELLOW,Allocation amount is inflated against trained medians
MOCK-COST_OUTLIER-004,4,Chunni lal Sahu,Chunni Lal Sahu,chunni_lal_sahu,NA - Construction of common work sheds/ common covered sitting area,Construction of common work sheds/ common covered sitting area,construction_of_common_work_sheds_common_covered_sitting_area,Normal/Others,Chhattisgarh,chhattisgarh,MAHASAMUND,mahasamund,DISTRICT COLLECTOR MAHASAMUND_IDA,district_collector_mahasamund_ida,,,Pithora,Gadbeda,"Pithora, Gadbeda",pithora_gadbeda,2023-12-21,3200000,Action Pending,Unsanctioned,Lok Sabha,beb9ac4dcb44ed0f,1,false,,MOCK_VALIDATION,3200000.0,normal_others,pithora,Gadbeda,gadbeda,2023-12,2023,0.0,0.0,76,41229533,45,24680000,1269,652370972,76,41229533,-41229533.0,1,1,1,6,1,11,76,1,1,1,6,3,21,12,17,1,1,1,0,0,400000.0,500000.0,500000.0,8.0,8.0,8.0,false,true,true,false,true,true,false,false,false,false,true,27,0.0,0,35,12.95,GREEN,false,true,false,true,true,-0.253148,4.33,False,20,0,0.0,0.0,20,45,15.5,GREEN,Project is unsanctioned with action pending,cost_outlier,YELLOW,YELLOW,Allocation amount is inflated against trained medians
MOCK-COST_OUTLIER-005,5,SHRI CM Ramesh,Cm Ramesh,cm_ramesh,WS/MP023/2023-2024/16174 - Installing community drinking water plants,Installing community drinking water plants,installing_community_drinking_water_plants,Normal/Others,Andhra Pradesh,andhra_pradesh,SITTING RAJYA SABHA,sitting_rajya_sabha,DISTRICT COLLECTOR CUDDAPAH_IDA,district_collector_cuddapah_ida,,,Peddamudium,Balapana Gudur,"Peddamudium, Balapana Gudur",peddamudium_balapana_gudur,2023-09-04,3200000,Approved by IDA,Unsanctioned,Rajya Sabha,100a72aa9f88e175,1,false,,MOCK_VALIDATION,3200000.0,normal_others,peddamudium,Balapana Gudur,balapana_gudur,2023-09,2023,0.0,0.0,98,101748356,169,225247356,3131,2344937649,10723,8317795158,-101748356.0,1,1,2,220,1,2,10562,1,1,1,47,47,24,19,26,1,1,1,1,1,400000.0,500000.0,490000.0,8.0,8.0,8.0,false,true,false,true,false,true,false,false,false,false,false,19,0.0,0,0,6.65,GREEN,false,true,false,false,true,-0.222334,46.11,False,12,0,0.0,0.0,0,0,3.6,GREEN,No trained baseline threshold crossed,cost_outlier,YELLOW,YELLOW,Allocation amount is inflated against trained medians
MOCK-COST_OUTLIER-006,6,Ajay Bhatt,Ajay Bhatt,ajay_bhatt,NA - Construction of common work sheds/ common covered sitting area,Construction of common work sheds/ common covered sitting area,construction_of_common_work_sheds_common_covered_sitting_area,Normal/Others,Uttarakhand,uttarakhand,NAINITAL UDHAM SINGH NAG.,nainital_udham_singh_nag,DISTRICT MAGISTRATE NAINITAL_IDA,district_magistrate_nainital_ida,,,Nainital,Alchaunaa,"Nainital, Alchaunaa",nainital_alchaunaa,2024-01-02,3200000,Action Pending,Unsanctioned,Lok Sabha,c1fd5659eaa7f186,1,false,,MOCK_VALIDATION,3200000.0,normal_others,nainital,Alchaunaa,alchaunaa,2024-01,2024,147000000.0,0.0014,262,77460962,185,50685504,1476,323104597,262,77460962,69539038.0,3,5,11,101,7,17,262,7,7,5,101,67,7,6,8,5,7,1,3,3,400000.0,160173.0,250000.0,8.0,8.0,8.0,false,true,true,true,false,true,true,true,false,false,true,100,1.24,0,35,38.93,YELLOW,true,true,false,true,true,-0.117338,87.85,False,100,0,0.0,0.0,0,45,35.0,YELLOW,Repeated or similar-category work appears in the same locality | Project is unsanctioned with action pending,cost_outlier,YELLOW,YELLOW,Allocation amount is inflated against trained medians
MOCK-COST_OUTLIER-007,7,Shri Komati Reddy Venkat Reddy,Komati Reddy Venkat Reddy,komati_reddy_venkat_reddy,NA - Street lights,Street lights,street_lights,Normal/Others,Telangana,telangana,BHONGIR,bhongir,DISTRICT COLLECTOR YADADRI BHUVANAGIRI_IDA,district_collector_yadadri_bhuvanagiri_ida,,,Addaguduru,Addagudoor,"Addaguduru, Addagudoor",addaguduru_addagudoor,2023-12-09,3200000,Action Pending,Unsanctioned,Lok Sabha,63c8cca51b12fe1c,1,false,,MOCK_VALIDATION,3200000.0,normal_others,addaguduru,Addagudoor,addagudoor,2023-12,2023,0.0,0.0,292,71720000,156,36581000,2024,751653933,292,71720000,-71720000.0,2,2,15,177,2,16,292,2,2,2,177,110,196,69,132,2,2,1,2,2,400000.0,350000.0,150000.0,8.0,8.0,8.0,false,true,true,true,false,true,true,true,false,false,true,100,2.43,0,35,39.35,YELLOW,true,true,false,true,true,-0.207631,57.3,False,100,0,0.0,0.0,0,45,35.0,YELLOW,Repeated or similar-category work appears in the same locality | Project is unsanctioned with action pending,cost_outlier,YELLOW,YELLOW,Allocation amount is inflated against trained medians
MOCK-COST_OUTLIER-008,8,Smt Aparajita Sarangi,Aparajita Sarangi,aparajita_sarangi,WS/MP300/2023-2024/243 - Street lights,Street lights,street_lights,Normal/Others,Odisha,odisha,BHUBANESWAR,bhubaneswar,DISTRICT COLLECTOR KHORDHA_IDA,district_collector_khordha_ida,Bhubaneswar,Khordha Municipality Area - 22 Wards,,,"Bhubaneswar, Khordha Municipality Area - 22 Wards",bhubaneswar_khordha_municipality_area_22_wards,2023-04-26,3200000,Approved by IDA,Unsanctioned,Lok Sabha,f423889269425a6f,1,false,,MOCK_VALIDATION,3200000.0,normal_others,,Bhubaneswar,bhubaneswar_khordha_municipality_area_22_wards,2023-04,2023,147420861.41,0.0111,434,61235000,507,103926752,3844,1383253124,434,61235000,86185861.41,1,1,0,126,1,0,429,1,1,1,126,129,42,42,5,1,1,1,0,0,400000.0,250000.0,100000.0,8.0,8.0,8.0,false,true,false,false,false,true,false,false,true,false,false,17,100.0,0,0,40.95,YELLOW,false,true,false,false,true,-0.090409,91.31,False,10,100,0.0,100.0,0,0,38.0,YELLOW,Allocation amount is high compared with trained category/state or constituency distribution,cost_outlier,YELLOW,YELLOW,Allocation amount is inflated against trained medians
MOCK-COST_OUTLIER-009,9,Ramesh Chandappa Jigajinagi,Ramesh Chandappa Jigajinagi,ramesh_chandappa_jigajinagi,NA - Construction of rooms and halls in school and colleges,Construction of rooms and halls in school and colleges,construction_of_rooms_and_halls_in_school_and_colleges,Normal/Others,Karnataka,karnataka,BIJAPUR(SC),bijapur_sc,DEPUTY COMMISSIONER BIJAPUR_IDA,deputy_commissioner_bijapur_ida,,,Indi,Sangogi,"Indi, Sangogi",indi_sangogi,2024-01-14,3200000,Action Pending,Unsanctioned,Lok Sabha,5b09a368dcd3d78e,1,false,,MOCK_VALIDATION,3200000.0,normal_others,indi,Sangogi,sangogi,2024-01,2024,269500000.0,0.0009,325,86570000,325,86570000,3121,1670831193,325,86570000,182930000.0,1,1,10,80,1,49,325,1,1,1,80,80,5,5,5,1,1,1,1,1,400000.0,500000.0,250000.0,8.0,8.0,8.0,false,true,true,true,false,true,false,false,false,false,true,27,0.0,0,35,12.95,GREEN,false,true,false,true,true,-0.215002,52.23,False,20,0,0.0,0.0,0,45,10.5,GREEN,Project is unsanctioned with action pending,cost_outlier,YELLOW,YELLOW,Allocation amount is inflated against trained medians
MOCK-COST_OUTLIER-010,10,Chaudhary Mehboob Ali Kaiser,Chaudhary Mehboob Ali Kaiser,chaudhary_mehboob_ali_kaiser,WS/MP542/2023-2024/15099 - Lighting of public spaces,Lighting of public spaces,lighting_of_public_spaces,Normal/Others,Bihar,bihar,KHAGARIA,khagaria,DISTRICT PLANNING OFFICER KHAGARIA_IDA,district_planning_officer_khagaria_ida,Khagaria,5,,,"Khagaria, 5",khagaria_5,2023-09-02,3200000,Approved by IDA,Unsanctioned,Lok Sabha,2f90de1eebd261f6,1,false,,MOCK_VALIDATION,3200000.0,normal_others,,Khagaria,khagaria_5,2023-09,2023,0.0,0.0,71,26979604,63,24839604,4575,3315478980,71,26979604,-26979604.0,1,1,0,50,1,0,71,1,1,1,50,47,10,10,9,1,1,1,1,1,400000.0,500000.0,210000.0,8.0,8.0,8.0,false,true,false,true,false,true,false,false,false,false,false,17,0.0,0,0,5.95,GREEN,false,true,false,false,true,-0.249354,11.23,False,10,0,0.0,0.0,0,0,3.0,GREEN,No trained baseline threshold crossed,cost_outlier,YELLOW,YELLOW,Allocation amount is inflated against trained medians
MOCK-SPLIT_SANCTION-001,1,Smt Seema Dwivedi,Seema Dwivedi,seema_dwivedi,NA - Phase 2 continuation work,Phase 2 continuation work,improvement_of_electricity_distribution_infrastructure,Normal/Others,Uttar Pradesh,uttar_pradesh,SITTING RAJYA SABHA,sitting_rajya_sabha,DISTRICT MAGISTRATE JAUNPUR_IDA,district_magistrate_jaunpur_ida,,,Maharaj Ganj,Uday Bhanpur,"Maharaj Ganj, Uday Bhanpur",maharaj_ganj_uday_bhanpur,2023-10-26,490000,Approved by IDA,Unsanctioned,Rajya Sabha,6a220101b6c2026c,1,false,,MOCK_VALIDATION,490000,normal_others,maharaj_ganj,Uday Bhanpur,uday_bhanpur,2023-10,2023,173830159.11,0.0008,57,36135287,234,158069158,5313,2961624043,10723,8317795158,137694872.11,1,1,1,77,1,2,10562,1,1,1,9,9,3,3,3,1,1,1,4,4,400000.0,224500.0,490000.0,0.3275,0.5835,0.2673,false,true,true,true,true,false,false,false,false,false,false,19,0.0,0,0,6.65,GREEN,false,false,true,true,true,-0.211664,54.68,False,12,0,0.0,0.0,0,0,3.6,GREEN,No trained baseline threshold crossed,split_sanction,YELLOW,YELLOW,Near Rs 5 lakh work appears in a repeated short-window cluster
MOCK-SPLIT_SANCTION-002,2,Ramesh Chander Kaushik,Ramesh Chander Kaushik,ramesh_chander_kaushik,NA - Phase 3 continuation work,Phase 3 continuation work,setting_up_public_non_conventional_energy_plants,Normal/Others,Haryana,haryana,SONEPAT,sonepat,Deputy Commissioner Jind_IDA,deputy_commissioner_jind_ida,,,Jind,Ahirka (83),"Jind, Ahirka (83)",jind_ahirka_83,2023-09-02,490000,Approved by IDA,Unsanctioned,Lok Sabha,7d16551044698e4c,1,false,,MOCK_VALIDATION,490000,normal_others,jind,Ahirka (83),ahirka_83,2023-09,2023,0.0,0.0,131,80726721,146,68955825,1519,825501755,131,80726721,-80726721.0,1,1,3,61,1,12,122,1,1,1,61,23,3,3,55,1,1,1,4,4,400000.0,500000.0,392564.0,0.9814,0.7851,1.0,false,true,true,true,true,false,false,false,false,false,false,27,0.0,0,0,9.45,GREEN,false,false,true,true,true,-0.256127,0.31,False,20,0,0.0,0.0,0,0,6.0,GREEN,No trained baseline threshold crossed,split_sanction,YELLOW,YELLOW,Near Rs 5 lakh work appears in a repeated short-window cluster
MOCK-SPLIT_SANCTION-003,4,Chunni lal Sahu,Chunni Lal Sahu,chunni_lal_sahu,NA - Phase 1 continuation work,Phase 1 continuation work,construction_of_common_work_sheds_common_covered_sitting_area,Normal/Others,Chhattisgarh,chhattisgarh,MAHASAMUND,mahasamund,DISTRICT COLLECTOR MAHASAMUND_IDA,district_collector_mahasamund_ida,,,Pithora,Gadbeda,"Pithora, Gadbeda",pithora_gadbeda,2023-12-21,490000,Action Pending,Unsanctioned,Lok Sabha,beb9ac4dcb44ed0f,1,false,,MOCK_VALIDATION,490000,normal_others,pithora,Gadbeda,gadbeda,2023-12,2023,0.0,0.0,76,41229533,45,24680000,1269,652370972,76,41229533,-41229533.0,1,1,1,6,1,11,76,1,1,1,6,3,3,3,17,1,1,1,4,4,400000.0,500000.0,500000.0,1.25,1.0,1.0,false,true,true,true,true,false,false,false,false,false,true,27,0.0,0,35,12.95,GREEN,false,false,true,true,true,-0.253148,4.33,False,20,0,0.0,0.0,20,45,15.5,GREEN,Project is unsanctioned with action pending,split_sanction,YELLOW,YELLOW,Near Rs 5 lakh work appears in a repeated short-window cluster
MOCK-SPLIT_SANCTION-004,5,SHRI CM Ramesh,Cm Ramesh,cm_ramesh,NA - Phase 2 continuation work,Phase 2 continuation work,installing_community_drinking_water_plants,Normal/Others,Andhra Pradesh,andhra_pradesh,SITTING RAJYA SABHA,sitting_rajya_sabha,DISTRICT COLLECTOR CUDDAPAH_IDA,district_collector_cuddapah_ida,,,Peddamudium,Balapana Gudur,"Peddamudium, Balapana Gudur",peddamudium_balapana_gudur,2023-09-04,490000,Approved by IDA,Unsanctioned,Rajya Sabha,100a72aa9f88e175,1,false,,MOCK_VALIDATION,490000,normal_others,peddamudium,Balapana Gudur,balapana_gudur,2023-09,2023,0.0,0.0,98,101748356,169,225247356,3131,2344937649,10723,8317795158,-101748356.0,1,1,2,220,1,2,10562,1,1,1,47,47,3,3,26,1,1,1,4,4,400000.0,500000.0,490000.0,0.5625,0.45,0.4592,false,true,true,true,true,false,false,false,false,false,false,19,0.0,0,0,6.65,GREEN,false,false,true,true,true,-0.222334,46.11,False,12,0,0.0,0.0,0,0,3.6,GREEN,No trained baseline threshold crossed,split_sanction,YELLOW,YELLOW,Near Rs 5 lakh work appears in a repeated short-window cluster
MOCK-SPLIT_SANCTION-005,6,Ajay Bhatt,Ajay Bhatt,ajay_bhatt,NA - Phase 3 continuation work,Phase 3 continuation work,construction_of_common_work_sheds_common_covered_sitting_area,Normal/Others,Uttarakhand,uttarakhand,NAINITAL UDHAM SINGH NAG.,nainital_udham_singh_nag,DISTRICT MAGISTRATE NAINITAL_IDA,district_magistrate_nainital_ida,,,Nainital,Alchaunaa,"Nainital, Alchaunaa",nainital_alchaunaa,2024-01-02,490000,Action Pending,Unsanctioned,Lok Sabha,c1fd5659eaa7f186,1,false,,MOCK_VALIDATION,490000,normal_others,nainital,Alchaunaa,alchaunaa,2024-01,2024,147000000.0,0.0014,262,77460962,185,50685504,1476,323104597,262,77460962,69539038.0,3,5,11,101,7,17,262,7,7,5,101,67,3,3,8,5,7,1,4,4,400000.0,160173.0,250000.0,0.5,1.2486,0.8,false,true,true,true,true,false,true,true,false,false,true,100,1.24,0,35,38.93,YELLOW,true,false,true,true,true,-0.117338,87.85,False,100,0,0.0,0.0,0,45,35.0,YELLOW,Repeated or similar-category work appears in the same locality | Project is unsanctioned with action pending,split_sanction,YELLOW,YELLOW,Near Rs 5 lakh work appears in a repeated short-window cluster
MOCK-SPLIT_SANCTION-006,7,Shri Komati Reddy Venkat Reddy,Komati Reddy Venkat Reddy,komati_reddy_venkat_reddy,NA - Phase 1 continuation work,Phase 1 continuation work,street_lights,Normal/Others,Telangana,telangana,BHONGIR,bhongir,DISTRICT COLLECTOR YADADRI BHUVANAGIRI_IDA,district_collector_yadadri_bhuvanagiri_ida,,,Addaguduru,Addagudoor,"Addaguduru, Addagudoor",addaguduru_addagudoor,2023-12-09,490000,Action Pending,Unsanctioned,Lok Sabha,63c8cca51b12fe1c,1,false,,MOCK_VALIDATION,490000,normal_others,addaguduru,Addagudoor,addagudoor,2023-12,2023,0.0,0.0,292,71720000,156,36581000,2024,751653933,292,71720000,-71720000.0,2,2,15,177,2,16,292,2,2,2,177,110,3,3,132,2,2,1,4,4,400000.0,350000.0,150000.0,0.5575,0.6371,1.4867,false,true,true,true,true,false,true,true,false,false,true,100,2.43,0,35,39.35,YELLOW,true,false,true,true,true,-0.207631,57.3,False,100,0,0.0,0.0,0,45,35.0,YELLOW,Repeated or similar-category work appears in the same locality | Project is unsanctioned with action pending,split_sanction,YELLOW,YELLOW,Near Rs 5 lakh work appears in a repeated short-window cluster
MOCK-SPLIT_SANCTION-007,8,Smt Aparajita Sarangi,Aparajita Sarangi,aparajita_sarangi,NA - Phase 2 continuation work,Phase 2 continuation work,street_lights,Normal/Others,Odisha,odisha,BHUBANESWAR,bhubaneswar,DISTRICT COLLECTOR KHORDHA_IDA,district_collector_khordha_ida,Bhubaneswar,Khordha Municipality Area - 22 Wards,,,"Bhubaneswar, Khordha Municipality Area - 22 Wards",bhubaneswar_khordha_municipality_area_22_wards,2023-04-26,490000,Approved by IDA,Unsanctioned,Lok Sabha,f423889269425a6f,1,false,,MOCK_VALIDATION,490000,normal_others,,Bhubaneswar,bhubaneswar_khordha_municipality_area_22_wards,2023-04,2023,147420861.41,0.0111,434,61235000,507,103926752,3844,1383253124,434,61235000,86185861.41,1,1,0,126,1,0,429,1,1,1,126,129,3,3,5,1,1,1,4,4,400000.0,250000.0,100000.0,4.1,6.56,16.4,false,true,true,true,true,false,false,false,true,false,false,17,100.0,0,0,40.95,YELLOW,false,true,true,true,true,-0.090409,91.31,False,10,100,0.0,100.0,0,0,38.0,YELLOW,Allocation amount is high compared with trained category/state or constituency distribution,split_sanction,YELLOW,YELLOW,Near Rs 5 lakh work appears in a repeated short-window cluster
MOCK-SPLIT_SANCTION-008,9,Ramesh Chandappa Jigajinagi,Ramesh Chandappa Jigajinagi,ramesh_chandappa_jigajinagi,NA - Phase 3 continuation work,Phase 3 continuation work,construction_of_rooms_and_halls_in_school_and_colleges,Normal/Others,Karnataka,karnataka,BIJAPUR(SC),bijapur_sc,DEPUTY COMMISSIONER BIJAPUR_IDA,deputy_commissioner_bijapur_ida,,,Indi,Sangogi,"Indi, Sangogi",indi_sangogi,2024-01-14,490000,Action Pending,Unsanctioned,Lok Sabha,5b09a368dcd3d78e,1,false,,MOCK_VALIDATION,490000,normal_others,indi,Sangogi,sangogi,2024-01,2024,269500000.0,0.0009,325,86570000,325,86570000,3121,1670831193,325,86570000,182930000.0,1,1,10,80,1,49,325,1,1,1,80,80,3,3,5,1,1,1,4,4,400000.0,500000.0,250000.0,0.625,0.5,1.0,false,true,true,true,true,false,false,false,false,false,true,27,0.0,0,35,12.95,GREEN,false,false,true,true,true,-0.215002,52.23,False,20,0,0.0,0.0,0,45,10.5,GREEN,Project is unsanctioned with action pending,split_sanction,YELLOW,YELLOW,Near Rs 5 lakh work appears in a repeated short-window cluster
MOCK-SPLIT_SANCTION-009,10,Chaudhary Mehboob Ali Kaiser,Chaudhary Mehboob Ali Kaiser,chaudhary_mehboob_ali_kaiser,NA - Phase 1 continuation work,Phase 1 continuation work,lighting_of_public_spaces,Normal/Others,Bihar,bihar,KHAGARIA,khagaria,DISTRICT PLANNING OFFICER KHAGARIA_IDA,district_planning_officer_khagaria_ida,Khagaria,5,,,"Khagaria, 5",khagaria_5,2023-09-02,490000,Approved by IDA,Unsanctioned,Lok Sabha,2f90de1eebd261f6,1,false,,MOCK_VALIDATION,490000,normal_others,,Khagaria,khagaria_5,2023-09,2023,0.0,0.0,71,26979604,63,24839604,4575,3315478980,71,26979604,-26979604.0,1,1,0,50,1,0,71,1,1,1,50,47,3,3,9,1,1,1,4,4,400000.0,500000.0,210000.0,0.525,0.42,1.0,false,true,true,true,true,false,false,false,false,false,false,17,0.0,0,0,5.95,GREEN,false,false,true,true,true,-0.249354,11.23,False,10,0,0.0,0.0,0,0,3.0,GREEN,No trained baseline threshold crossed,split_sanction,YELLOW,YELLOW,Near Rs 5 lakh work appears in a repeated short-window cluster
MOCK-SPLIT_SANCTION-010,11,Lavu Sri Krishna Devarayalu,Lavu Sri Krishna Devarayalu,lavu_sri_krishna_devarayalu,NA - Phase 2 continuation work,Phase 2 continuation work,improvement_of_electricity_distribution_infrastructure,Normal/Others,Andhra Pradesh,andhra_pradesh,NARASARAOPET,narasaraopet,District Collector Palnadu_IDA,district_collector_palnadu_ida,,,Bellamkonda,Bellamkonda,"Bellamkonda, Bellamkonda",bellamkonda_bellamkonda,2023-10-03,490000,Approved by IDA,Unsanctioned,Lok Sabha,7aba6c7efca2ac4a,2,true,,MOCK_VALIDATION,490000,normal_others,bellamkonda,Bellamkonda,bellamkonda,2023-10,2023,174009663.11,0.0006,85,63220000,94,78320000,3131,2344937649,85,63220000,110789663.11,2,2,2,34,2,2,85,2,2,2,34,34,3,3,31,2,2,2,4,4,400000.0,500000.0,800000.0,0.25,0.2,0.125,false,true,true,true,true,false,true,true,false,false,false,100,0.0,0,0,35.0,YELLOW,true,false,true,true,true,-0.204168,59.27,False,100,0,0.0,0.0,0,0,35.0,YELLOW,Repeated or similar-category work appears in the same locality,split_sanction,YELLOW,YELLOW,Near Rs 5 lakh work appears in a repeated short-window cluster
