allocation_key,source_dataset,source_row_number,serial_number,state,state_key,mp_name,mp_name_canonical,mp_key,constituency,constituency_key,elected_nominated,member_type_key,allocated_amount,data_quality_flags
143e814e9e57f60b,Allocated_Limit_for_Honble_MPs_1_Sheet1,1,145,Assam,assam,Shri Pramod Boro (2026-32) (2026-2032),Pramod Boro,pramod_boro,,,Elected MP,elected_mp,49000000,
88577859094d3407,Allocated_Limit_for_Honble_MPs_1_Sheet1,2,107,Tamil Nadu,tamil_nadu,Shri L. K. Sudhish (2026-32) (2026-2032),L K Sudhish,l_k_sudhish,,,Elected MP,elected_mp,49356476.5,
dd3d8b1b0217b927,Allocated_Limit_for_Honble_MPs_1_Sheet1,3,10,Uttar Pradesh,uttar_pradesh,Dr. Dinesh Sharma (2023-26) (2023-2026),Dinesh Sharma,dinesh_sharma,,,Elected MP,elected_mp,147000000,
425d812bd7f1de07,Allocated_Limit_for_Honble_MPs_1_Sheet1,4,141,Karnataka,karnataka,Shri Pawan Khera (2026-32) (2026-2032),Pawan Khera,pawan_khera,,,Elected MP,elected_mp,49000000,
c806eddda241c1ed,Allocated_Limit_for_Honble_MPs_1_Sheet1,5,53,Telangana,telangana,Shri B. Parthasaradhi Reddy (2022-28) (2022-2028),B Parthasaradhi Reddy,b_parthasaradhi_reddy,,,Elected MP,elected_mp,244365104,
185e25c3736a4eb2,Allocated_Limit_for_Honble_MPs_1_Sheet1,6,153,Gujarat,gujarat,Shri Rajesh Parmanand Shukla (2026-32) (2026-2032),Rajesh Parmanand Shukla,rajesh_parmanand_shukla,,,Elected MP,elected_mp,49000000,
fee9ca556f5a2dc9,Allocated_Limit_for_Honble_MPs_1_Sheet1,7,106,Bihar,bihar,Shri Khiru Mahto (2022-28) (2022-2028),Khiru Mahto,khiru_mahto,,,Elected MP,elected_mp,235770091.81,
476fd5942c081c8f,Allocated_Limit_for_Honble_MPs_1_Sheet1,8,82,Punjab,punjab,Shri Harbhajan Singh (2022-28) (2022-2028),Harbhajan Singh,harbhajan_singh,,,Elected MP,elected_mp,220984094.27,
cf6de79820f8cba9,Allocated_Limit_for_Honble_MPs_1_Sheet1,9,196,Uttar Pradesh,uttar_pradesh,Shri Tejveer Singh (2024-30) (2024-2030),Tejveer Singh,tejveer_singh,,,Elected MP,elected_mp,147000000,
7474508f3c835a2e,Allocated_Limit_for_Honble_MPs_1_Sheet1,10,206,Manipur,manipur,Smt. Adhikarimayum Sharda Devi (2026-32) (2026-2032),Adhikarimayum Sharda Devi,adhikarimayum_sharda_devi,,,Elected MP,elected_mp,49000000,
361cd0860ece0093,Allocated_Limit_for_Honble_MPs_1_Sheet1,11,169,Tamil Nadu,tamil_nadu,Shri S. Kalyanasundaram (2022-28) (2022-2028),S Kalyanasundaram,s_kalyanasundaram,,,Elected MP,elected_mp,239763792.52,
aec310320f7f6faf,Allocated_Limit_for_Honble_MPs_1_Sheet1,12,30,Odisha,odisha,Dr. Sasmit Patra (2022-28) (2022-2028),Sasmit Patra,sasmit_patra,,,Elected MP,elected_mp,196063957.11,
75f77a9369a55e8c,Allocated_Limit_for_Honble_MPs_1_Sheet1,13,112,Uttarakhand,uttarakhand,Shri Mahendra Bhatt (2024-30) (2024-2030),Mahendra Bhatt,mahendra_bhatt,,,Elected MP,elected_mp,147000000,
eabfd449ea570514,Allocated_Limit_for_Honble_MPs_1_Sheet1,14,193,Uttar Pradesh,uttar_pradesh,Shri Surendra Singh Nagar (2022-28) (2022-2028),Surendra Singh Nagar,surendra_singh_nagar,,,Elected MP,elected_mp,220563957.11,
e982e7e674161c12,Allocated_Limit_for_Honble_MPs_1_Sheet1,15,183,Bihar,bihar,Shri Sanjay Yadav (2024-30) (2024-2030),Sanjay Yadav,sanjay_yadav,,,Elected MP,elected_mp,186200000,
7e49439b62c4dbb3,Allocated_Limit_for_Honble_MPs_1_Sheet1,16,187,Chandigarh,chandigarh,Shri Satnam Singh Sandhu (2024-30) (2024-2030),Satnam Singh Sandhu,satnam_singh_sandhu,,,Nominated MP,nominated_mp,147000000,
2ad6f043446f82d8,Allocated_Limit_for_Honble_MPs_1_Sheet1,17,116,Odisha,odisha,Shri Manas Ranjan Mangaraj (2022-28) (2022-2028),Manas Ranjan Mangaraj,manas_ranjan_mangaraj,,,Elected MP,elected_mp,196063957.11,
6f55417ae4ab6365,Allocated_Limit_for_Honble_MPs_1_Sheet1,18,111,Rajasthan,rajasthan,Shri Madan Rathore (2024-30) (2024-2030),Madan Rathore,madan_rathore,,,Elected MP,elected_mp,147000000,
ff35676a54794e7a,Allocated_Limit_for_Honble_MPs_1_Sheet1,19,127,Delhi,delhi,Shri Narain Dass Gupta (2024-30) (2024-2030),Narain Dass Gupta,narain_dass_gupta,,,Elected MP,elected_mp,160837070,
06f263280b3e6b63,Allocated_Limit_for_Honble_MPs_1_Sheet1,20,110,Karnataka,karnataka,Shri M. Nagaraja (2026-32) (2026-2032),M Nagaraja,m_nagaraja,,,Elected MP,elected_mp,49000000,
198a935c873afecc,Allocated_Limit_for_Honble_MPs_1_Sheet1,21,221,Haryana,haryana,Smt. Rekha Sharma (2024-28) (2024-2028),Rekha Sharma,rekha_sharma,,,Elected MP,elected_mp,98000000,
766852b4072e7d1c,Allocated_Limit_for_Honble_MPs_1_Sheet1,22,3,Rajasthan,rajasthan,Dr. Alka Singh (2026-32) (2026-2032),Alka Singh,alka_singh,,,Elected MP,elected_mp,49000000,
906f7c35d519c1da,Allocated_Limit_for_Honble_MPs_1_Sheet1,23,61,Assam,assam,Shri Birendra Prasad Baishya (2025-31) (2025-2031),Birendra Prasad Baishya,birendra_prasad_baishya,,,Elected MP,elected_mp,98000000,
1a1e463a9b9cc9ee,Allocated_Limit_for_Honble_MPs_1_Sheet1,24,62,Uttar Pradesh,uttar_pradesh,Shri Brij Lal (2020-26) (2020-2026),Brij Lal,brij_lal,,,Elected MP,elected_mp,196063957.11,
ec9a67c7289d3908,Allocated_Limit_for_Honble_MPs_1_Sheet1,25,226,Uttar Pradesh,uttar_pradesh,Smt. Sangeeta Yadav (2022-28) (2022-2028),Sangeeta Yadav,sangeeta_yadav,,,Elected MP,elected_mp,196063957.11,
8667c71101361596,Allocated_Limit_for_Honble_MPs_1_Sheet1,26,79,Gujarat,gujarat,Shri Govindbhai Laljibhai Dholakia (2024-30) (2024-2030),Govindbhai Laljibhai Dholakia,govindbhai_laljibhai_dholakia,,,Elected MP,elected_mp,147000000,
c20676813c5409fb,Allocated_Limit_for_Honble_MPs_1_Sheet1,27,122,Maharashtra,maharashtra,Shri Milind Murli Deora (2024-30) (2024-2030),Milind Murli Deora,milind_murli_deora,,,Elected MP,elected_mp,147000000,
ace3e45f1f31ca96,Allocated_Limit_for_Honble_MPs_1_Sheet1,28,85,Himachal Pradesh,himachal_pradesh,Shri Harsh Mahajan (2024-30) (2024-2030),Harsh Mahajan,harsh_mahajan,,,Elected MP,elected_mp,147000000,
ca510478f7a80309,Allocated_Limit_for_Honble_MPs_1_Sheet1,29,202,Andhra Pradesh,andhra_pradesh,Shri Vijay Chintakayala (2026-32) (2026-2032),Vijay Chintakayala,vijay_chintakayala,,,Elected MP,elected_mp,49000000,
4fa309034ca3a112,Allocated_Limit_for_Honble_MPs_1_Sheet1,30,67,Rajasthan,rajasthan,Shri Chunnilal Garasiya (2024-30) (2024-2030),Chunnilal Garasiya,chunnilal_garasiya,,,Elected MP,elected_mp,147000000,
c26208cdbd5965e4,Allocated_Limit_for_Honble_MPs_1_Sheet1,31,22,Delhi,delhi,Dr. Meenakshi Jain (2025-31) (2025-2031),Meenakshi Jain,meenakshi_jain,,,Nominated MP,nominated_mp,73500000,
bf9dd6ab1287076e,Allocated_Limit_for_Honble_MPs_1_Sheet1,32,143,Maharashtra,maharashtra,Shri Praful Patel (2024-30) (2024-2030),Praful Patel,praful_patel,,,Elected MP,elected_mp,147000000,
f48d7f7a152b0181,Allocated_Limit_for_Honble_MPs_1_Sheet1,33,136,Kerala,kerala,Shri P. P. Suneer (2024-30) (2024-2030),P P Suneer,p_p_suneer,,,Elected MP,elected_mp,122500000,
41fbd804d36fdf43,Allocated_Limit_for_Honble_MPs_1_Sheet1,34,13,Maharashtra,maharashtra,Dr. Jyoti Nagnath Waghmare (2026-32) (2026-2032),Jyoti Nagnath Waghmare,jyoti_nagnath_waghmare,,,Elected MP,elected_mp,49000000,
545cd55c3ff5c8eb,Allocated_Limit_for_Honble_MPs_1_Sheet1,35,46,Uttar Pradesh,uttar_pradesh,Shri Amar Pal Maurya (2024-30) (2024-2030),Amar Pal Maurya,amar_pal_maurya,,,Elected MP,elected_mp,147000000,
acceab8ac9de8df3,Allocated_Limit_for_Honble_MPs_1_Sheet1,36,73,Maharashtra,maharashtra,Shri Dhananjay Bhimrao Mahadik (2022-28) (2022-2028),Dhananjay Bhimrao Mahadik,dhananjay_bhimrao_mahadik,,,Elected MP,elected_mp,220383643.11,
31faeba8204aeb78,Allocated_Limit_for_Honble_MPs_1_Sheet1,37,28,Odisha,odisha,Dr. Santrupt Misra (2026-32) (2026-2032),Santrupt Misra,santrupt_misra,,,Elected MP,elected_mp,49000000,
85efaef2fad8a784,Allocated_Limit_for_Honble_MPs_1_Sheet1,38,154,Tripura,tripura,Shri Rajib Bhattacharjee (2024-28) (2024-2028),Rajib Bhattacharjee,rajib_bhattacharjee,,,Elected MP,elected_mp,122500000,
0daa277703fa67b3,Allocated_Limit_for_Honble_MPs_1_Sheet1,39,134,Bihar,bihar,Shri Nitin Nabin (2026-32) (2026-2032),Nitin Nabin,nitin_nabin,,,Elected MP,elected_mp,49000000,
0f2b8343ffe1c32b,Allocated_Limit_for_Honble_MPs_1_Sheet1,40,11,Bihar,bihar,Dr. Faiyaz Ahmad (2022-28) (2022-2028),Faiyaz Ahmad,faiyaz_ahmad,,,Elected MP,elected_mp,235263957.11,
0c13e99a94f2c321,Allocated_Limit_for_Honble_MPs_1_Sheet1,41,225,West Bengal,west_bengal,Smt. Sagarika Ghose (2024-30) (2024-2030),Sagarika Ghose,sagarika_ghose,,,Elected MP,elected_mp,147000000,
3f59927a4e7bf95d,Allocated_Limit_for_Honble_MPs_1_Sheet1,42,31,Rajasthan,rajasthan,Dr. Satish Poonia (2026-32) (2026-2032),Satish Poonia,satish_poonia,,,Elected MP,elected_mp,49000000,
b002ff94337909eb,Allocated_Limit_for_Honble_MPs_1_Sheet1,43,43,Jharkhand,jharkhand,Shri Aditya Prasad (2022-28) (2022-2028),Aditya Prasad,aditya_prasad,,,Elected MP,elected_mp,227628508.2,
b10a1a7cbf6cc9d2,Allocated_Limit_for_Honble_MPs_1_Sheet1,44,45,Bihar,bihar,Shri Akhilesh Prasad Singh (2024-30) (2024-2030),Akhilesh Prasad Singh,akhilesh_prasad_singh,,,Elected MP,elected_mp,186200000,
d82dccec2de909be,Allocated_Limit_for_Honble_MPs_1_Sheet1,45,208,Uttar Pradesh,uttar_pradesh,Smt. Geeta alias Chandraprabha (2020-26) (2020-2026),Geeta Alias Chandraprabha,geeta_alias_chandraprabha,,,Elected MP,elected_mp,196063957.11,
463334917f90a389,Allocated_Limit_for_Honble_MPs_1_Sheet1,46,86,West Bengal,west_bengal,Shri Harsh Vardhan Shringla (2025-31) (2025-2031),Harsh Vardhan Shringla,harsh_vardhan_shringla,,,Nominated MP,nominated_mp,73500000,
087bfe8528e624b6,Allocated_Limit_for_Honble_MPs_1_Sheet1,47,5,Maharashtra,maharashtra,Dr. Anil Sukhdeorao Bonde (2022-28) (2022-2028),Anil Sukhdeorao Bonde,anil_sukhdeorao_bonde,,,Elected MP,elected_mp,196063957.11,
dff27ab0c334cbf0,Allocated_Limit_for_Honble_MPs_1_Sheet1,48,124,West Bengal,west_bengal,Shri Mohammed Nadimul Haque (2024-30) (2024-2030),Mohammed Nadimul Haque,mohammed_nadimul_haque,,,Elected MP,elected_mp,147000000,
cb2106f730ad5eeb,Allocated_Limit_for_Honble_MPs_1_Sheet1,49,113,Madhya Pradesh,madhya_pradesh,Shri Mahesh Kewat (2026-32) (2026-2032),Mahesh Kewat,mahesh_kewat,,,Elected MP,elected_mp,49000000,
e448de2da61064ac,Allocated_Limit_for_Honble_MPs_1_Sheet1,50,207,Uttar Pradesh,uttar_pradesh,Smt. Darshana Singh (2022-28) (2022-2028),Darshana Singh,darshana_singh,,,Elected MP,elected_mp,196994373.87,
da74b18d6753f1ab,Allocated_Limit_for_Honble_MPs_1_Sheet1,51,6,Punjab,punjab,Dr. Ashok Kumar Mittal (2022-28) (2022-2028),Ashok Kumar Mittal,ashok_kumar_mittal,,,Elected MP,elected_mp,222487632.14,
39fa687a82915e10,Allocated_Limit_for_Honble_MPs_1_Sheet1,52,37,West Bengal,west_bengal,Ms. Dola Sen (2023-29) (2023-2029),Dola Sen,dola_sen,,,Elected MP,elected_mp,171500000,
3732c5b4f9e9e83b,Allocated_Limit_for_Honble_MPs_1_Sheet1,53,100,Assam,assam,Shri Kanad Purkayastha (2025-31) (2025-2031),Kanad Purkayastha,kanad_purkayastha,,,Elected MP,elected_mp,98000000,
59b20196101adbdf,Allocated_Limit_for_Honble_MPs_1_Sheet1,54,4,Tamil Nadu,tamil_nadu,Dr. Anbumani Ramadoss (2026-32) (2026-2032),Anbumani Ramadoss,anbumani_ramadoss,,,Elected MP,elected_mp,49000000,
ae110f6305202a1b,Allocated_Limit_for_Honble_MPs_1_Sheet1,55,16,Madhya Pradesh,madhya_pradesh,Dr. Kavita Patidar (2022-28) (2022-2028),Kavita Patidar,kavita_patidar,,,Elected MP,elected_mp,197118521.35,
5637ab713302407f,Allocated_Limit_for_Honble_MPs_1_Sheet1,56,188,Bihar,bihar,Shri Shambhu Sharan Patel (2022-28) (2022-2028),Shambhu Sharan Patel,shambhu_sharan_patel,,,Elected MP,elected_mp,237168443.49,
74ca57db3793259e,Allocated_Limit_for_Honble_MPs_1_Sheet1,57,114,Karnataka,karnataka,Shri Mallikarjun Kharge (2026-32) (2026-2032),Mallikarjun Kharge,mallikarjun_kharge,,,Elected MP,elected_mp,49063957.11,
5b596c93d8f0bd66,Allocated_Limit_for_Honble_MPs_1_Sheet1,58,218,Chhattisgarh,chhattisgarh,Smt. Phulo Devi Netam (2026-32) (2026-2032),Phulo Devi Netam,phulo_devi_netam,,,Elected MP,elected_mp,49000000,
6c91c86fd0bd3ba0,Allocated_Limit_for_Honble_MPs_1_Sheet1,59,173,Jammu And Kashmir,jammu_and_kashmir,Shri Sajjad Ahmad Kichloo (2025-31) (2025-2031),Sajjad Ahmad Kichloo,sajjad_ahmad_kichloo,,,Elected MP,elected_mp,73500000,
31954e3591f31052,Allocated_Limit_for_Honble_MPs_1_Sheet1,60,186,Bihar,bihar,Shri Satish Chandra Dubey (2022-28) (2022-2028),Satish Chandra Dubey,satish_chandra_dubey,,,Elected MP,elected_mp,235263957.11,
4616e9c971d5232c,Allocated_Limit_for_Honble_MPs_1_Sheet1,61,156,Madhya Pradesh,madhya_pradesh,Shri Rajneesh Kumar Agrawal (2026-32) (2026-2032),Rajneesh Kumar Agrawal,rajneesh_kumar_agrawal,,,Elected MP,elected_mp,49000000,
44679f2714d470c3,Allocated_Limit_for_Honble_MPs_1_Sheet1,62,215,Madhya Pradesh,madhya_pradesh,Smt. Maya Naroliya (2024-30) (2024-2030),Maya Naroliya,maya_naroliya,,,Elected MP,elected_mp,147000000,
16400b9c3ac8d590,Allocated_Limit_for_Honble_MPs_1_Sheet1,63,90,Gujarat,gujarat,Shri Jagat Prakash Nadda (2024-30) (2024-2030),Jagat Prakash Nadda,jagat_prakash_nadda,,,Elected MP,elected_mp,147000000,
144db7a55a0f6e6e,Allocated_Limit_for_Honble_MPs_1_Sheet1,64,147,Tamil Nadu,tamil_nadu,Shri Praveen Chakravarthy (2026-28) (2026-2028),Praveen Chakravarthy,praveen_chakravarthy,,,Elected MP,elected_mp,49000000,
e3a361ec942833da,Allocated_Limit_for_Honble_MPs_1_Sheet1,65,146,Rajasthan,rajasthan,Shri Pramod Tiwari (2022-28) (2022-2028),Pramod Tiwari,pramod_tiwari,,,Elected MP,elected_mp,196063957.11,
99efb7788ceec210,Allocated_Limit_for_Honble_MPs_1_Sheet1,66,78,Andhra Pradesh,andhra_pradesh,Shri Golla Baburao (2024-30) (2024-2030),Golla Baburao,golla_baburao,,,Elected MP,elected_mp,147000000,
7af22b6e43eabfde,Allocated_Limit_for_Honble_MPs_1_Sheet1,67,80,Jammu And Kashmir,jammu_and_kashmir,Shri Gulam Ali (2022-28) (2022-2028),Gulam Ali,gulam_ali,,,Nominated MP,nominated_mp,196063957.11,
8767f5252ec2d05d,Allocated_Limit_for_Honble_MPs_1_Sheet1,68,48,Himachal Pradesh,himachal_pradesh,Shri Anurag Sharma (2026-32) (2026-2032),Anurag Sharma,anurag_sharma,,,Elected MP,elected_mp,49000000,
aeb9d5c0e2d04c0b,Allocated_Limit_for_Honble_MPs_1_Sheet1,69,104,Gujarat,gujarat,Shri Kesridevsinh Jhala (2023-29) (2023-2029),Kesridevsinh Jhala,kesridevsinh_jhala,,,Elected MP,elected_mp,171500000,
fe9324111b2b75e2,Allocated_Limit_for_Honble_MPs_1_Sheet1,70,160,Uttar Pradesh,uttar_pradesh,Shri Ramji Lal Suman (2024-30) (2024-2030),Ramji Lal Suman,ramji_lal_suman,,,Elected MP,elected_mp,147000000,
fc52efb1bb655376,Allocated_Limit_for_Honble_MPs_1_Sheet1,71,74,Odisha,odisha,Shri Dilip Kumar Ray (2026-32) (2026-2032),Dilip Kumar Ray,dilip_kumar_ray,,,Elected MP,elected_mp,49000000,
eb97e261efc8a3df,Allocated_Limit_for_Honble_MPs_1_Sheet1,72,39,Bihar,bihar,Prof. Manoj Kumar Jha (2024-30) (2024-2030),Manoj Kumar Jha,manoj_kumar_jha,,,Elected MP,elected_mp,191620112.11,
96ef8d724608936d,Allocated_Limit_for_Honble_MPs_1_Sheet1,73,14,Uttar Pradesh,uttar_pradesh,Dr. K. Laxman (2022-28) (2022-2028),K Laxman,k_laxman,,,Elected MP,elected_mp,197637007.11,
40e0be01b908df6d,Allocated_Limit_for_Honble_MPs_1_Sheet1,74,172,Goa,goa,Shri Sadanand Mhalu Shet Tanavade (2023-29) (2023-2029),Sadanand Mhalu Shet Tanavade,sadanand_mhalu_shet_tanavade,,,Elected MP,elected_mp,171500000,
2cfc9ff5dd158f42,Allocated_Limit_for_Honble_MPs_1_Sheet1,75,219,Tamil Nadu,tamil_nadu,Smt. Rajathi (2025-31) (2025-2031),Rajathi,rajathi,,,Elected MP,elected_mp,89248285.42,
3870785d174a7419,Allocated_Limit_for_Honble_MPs_1_Sheet1,76,65,Jammu And Kashmir,jammu_and_kashmir,Shri Chowdry Mohammad Ramzan (2025-31) (2025-2031),Chowdry Mohammad Ramzan,chowdry_mohammad_ramzan,,,Elected MP,elected_mp,73500000,
c8d5c07162aaa984,Allocated_Limit_for_Honble_MPs_1_Sheet1,77,120,Gujarat,gujarat,Shri Mayankkumar Nayak (2024-30) (2024-2030),Mayankkumar Nayak,mayankkumar_nayak,,,Elected MP,elected_mp,147000000,
168e68d1d56d23b1,Allocated_Limit_for_Honble_MPs_1_Sheet1,78,1,Telangana,telangana,Dr. Abhishek Manu Singhvi (2026-32) (2026-2032),Abhishek Manu Singhvi,abhishek_manu_singhvi,,,Elected MP,elected_mp,49000000,
f26de13026dd14c8,Allocated_Limit_for_Honble_MPs_1_Sheet1,79,139,Andhra Pradesh,andhra_pradesh,Shri Paka Venkata Satyanarayana (2025-28) (2025-2028),Paka Venkata Satyanarayana,paka_venkata_satyanarayana,,,Elected MP,elected_mp,98000000,
891c904ce5f2f709,Allocated_Limit_for_Honble_MPs_1_Sheet1,80,129,Uttarakhand,uttarakhand,Shri Naresh Bansal (2020-26) (2020-2026),Naresh Bansal,naresh_bansal,,,Elected MP,elected_mp,222043184.71,
0b553de3838646a2,Allocated_Limit_for_Honble_MPs_1_Sheet1,81,224,Uttar Pradesh,uttar_pradesh,Smt. Sadhna Singh (2024-30) (2024-2030),Sadhna Singh,sadhna_singh,,,Elected MP,elected_mp,147000000,
8b20891436fea8c0,Allocated_Limit_for_Honble_MPs_1_Sheet1,82,38,Delhi,delhi,Ms. Swati Maliwal (2024-30) (2024-2030),Swati Maliwal,swati_maliwal,,,Elected MP,elected_mp,147000000,
8ae6d0b80ad94c89,Allocated_Limit_for_Honble_MPs_1_Sheet1,83,182,Delhi,delhi,Shri Sanjay Singh (2024-30) (2024-2030),Sanjay Singh,sanjay_singh,,,Elected MP,elected_mp,184466426.11,
597f25498681360c,Allocated_Limit_for_Honble_MPs_1_Sheet1,84,149,Tamil Nadu,tamil_nadu,Shri R. Girirajan (2022-28) (2022-2028),R Girirajan,r_girirajan,,,Elected MP,elected_mp,236312242.52,
61fd91fce8816a4b,Allocated_Limit_for_Honble_MPs_1_Sheet1,85,83,Uttar Pradesh,uttar_pradesh,Shri Hardeep Singh Puri (2020-26) (2020-2026),Hardeep Singh Puri,hardeep_singh_puri,,,Elected MP,elected_mp,226801049.11,
6da9e0725829ba00,Allocated_Limit_for_Honble_MPs_1_Sheet1,86,35,Kerala,kerala,Dr. V. Sivadasan (2021-27) (2021-2027),V Sivadasan,v_sivadasan,,,Elected MP,elected_mp,276720323.27,
6791362c95e27a29,Allocated_Limit_for_Honble_MPs_1_Sheet1,87,121,Andhra Pradesh,andhra_pradesh,Shri Meda Raghunadha Reddy (2024-30) (2024-2030),Meda Raghunadha Reddy,meda_raghunadha_reddy,,,Elected MP,elected_mp,147000000,
852b42abc337a9d3,Allocated_Limit_for_Honble_MPs_1_Sheet1,88,105,Mizoram,mizoram,Shri Khiangte Laltluangkima (2026-32) (2026-2032),Khiangte Laltluangkima,khiangte_laltluangkima,,,Elected MP,elected_mp,24500000,
7c2f1b6fe6ec70bd,Allocated_Limit_for_Honble_MPs_1_Sheet1,89,101,Uttar Pradesh,uttar_pradesh,Shri Kapil Sibal (2022-28) (2022-2028),Kapil Sibal,kapil_sibal,,,Elected MP,elected_mp,196063957.11,
c821d4e8dcb30054,Allocated_Limit_for_Honble_MPs_1_Sheet1,90,197,Assam,assam,Shri Terash Gowalla (2026-32) (2026-2032),Terash Gowalla,terash_gowalla,,,Elected MP,elected_mp,49000000,
114d64e9904ab630,Allocated_Limit_for_Honble_MPs_1_Sheet1,91,228,Rajasthan,rajasthan,Smt. Sonia Gandhi (2024-30) (2024-2030),Sonia Gandhi,sonia_gandhi,,,Elected MP,elected_mp,147000000,
6f6ef8d9baf298d0,Allocated_Limit_for_Honble_MPs_1_Sheet1,92,33,Uttar Pradesh,uttar_pradesh,Dr. Sudhanshu Trivedi (2024-30) (2024-2030),Sudhanshu Trivedi,sudhanshu_trivedi,,,Elected MP,elected_mp,147000000,
35b86fe2ce311fa5,Allocated_Limit_for_Honble_MPs_1_Sheet1,93,204,Madhya Pradesh,madhya_pradesh,Shri Vivek K. Tankha (2022-28) (2022-2028),Vivek K Tankha,vivek_k_tankha,,,Elected MP,elected_mp,220563957.11,
65f381802fdf9194,Allocated_Limit_for_Honble_MPs_1_Sheet1,94,171,Tamil Nadu,tamil_nadu,Shri S.R. Sivalingam (2025-31) (2025-2031),S R Sivalingam,s_r_sivalingam,,,Elected MP,elected_mp,89248285.42,
65533d6252ba4434,Allocated_Limit_for_Honble_MPs_1_Sheet1,95,99,Tamil Nadu,tamil_nadu,Shri Kamal Haasan (2025-31) (2025-2031),Kamal Haasan,kamal_haasan,,,Elected MP,elected_mp,89248285.42,
a45075de08f25a62,Allocated_Limit_for_Honble_MPs_1_Sheet1,96,49,Uttar Pradesh,uttar_pradesh,Shri Arun Singh (2020-26) (2020-2026),Arun Singh,arun_singh,,,Elected MP,elected_mp,223492764.11,
806bd72fe93bff36,Allocated_Limit_for_Honble_MPs_1_Sheet1,97,205,Andhra Pradesh,andhra_pradesh,Shri Yerram Venkata Subba Reddy (2024-30) (2024-2030),Yerram Venkata Subba Reddy,yerram_venkata_subba_reddy,,,Elected MP,elected_mp,147000000,
ff09975deb695716,Allocated_Limit_for_Honble_MPs_1_Sheet1,98,177,Kerala,kerala,Shri Sandosh Kumar P (2022-28) (2022-2028),Sandosh Kumar P,sandosh_kumar_p,,,Elected MP,elected_mp,220563957.11,
151f1429f884639e,Allocated_Limit_for_Honble_MPs_1_Sheet1,99,77,Rajasthan,rajasthan,Shri Ghanshyam Tiwari (2022-28) (2022-2028),Ghanshyam Tiwari,ghanshyam_tiwari,,,Elected MP,elected_mp,196063957.11,
41803cd7dc34ad45,Allocated_Limit_for_Honble_MPs_1_Sheet1,100,157,Bihar,bihar,Shri Ram Nath Thakur (2026-32) (2026-2032),Ram Nath Thakur,ram_nath_thakur,,,Elected MP,elected_mp,65673638.73,
d4dd807def587fe3,Allocated_Limit_for_Honble_MPs_1_Sheet1,101,192,Odisha,odisha,Shri Sujeet Kumar (2026-32) (2026-2032),Sujeet Kumar,sujeet_kumar,,,Elected MP,elected_mp,49000000,
47a6156eb721a84a,Allocated_Limit_for_Honble_MPs_1_Sheet1,102,162,Rajasthan,rajasthan,Shri Randeep Singh Surjewala (2022-28) (2022-2028),Randeep Singh Surjewala,randeep_singh_surjewala,,,Elected MP,elected_mp,196063957.11,
92c13d5f7c208c6d,Allocated_Limit_for_Honble_MPs_1_Sheet1,103,132,Uttar Pradesh,uttar_pradesh,Shri Neeraj Shekhar (2020-26) (2020-2026),Neeraj Shekhar,neeraj_shekhar,,,Elected MP,elected_mp,236483662.11,
bf380566d2e90875,Allocated_Limit_for_Honble_MPs_1_Sheet1,104,20,Tamil Nadu,tamil_nadu,Dr. M. Thambi Durai (2026-32) (2026-2032),M Thambi Durai,m_thambi_durai,,,Elected MP,elected_mp,49356476.5,
7c20774db5359fca,Allocated_Limit_for_Honble_MPs_1_Sheet1,105,203,Maharashtra,maharashtra,Shri Vinod Shridhar Tawde (2026-32) (2026-2032),Vinod Shridhar Tawde,vinod_shridhar_tawde,,,Elected MP,elected_mp,49000000,
51b1bd12dec53a62,Allocated_Limit_for_Honble_MPs_1_Sheet1,106,209,Uttar Pradesh,uttar_pradesh,Smt. Jaya Amitabh Bachchan (2024-30) (2024-2030),Jaya Amitabh Bachchan,jaya_amitabh_bachchan,,,Elected MP,elected_mp,147000000,
11a2106a3660bb5f,Allocated_Limit_for_Honble_MPs_1_Sheet1,107,175,West Bengal,west_bengal,Shri Samirul Islam (2023-29) (2023-2029),Samirul Islam,samirul_islam,,,Elected MP,elected_mp,171500000,
6c545b68a58efb21,Allocated_Limit_for_Honble_MPs_1_Sheet1,108,165,Assam,assam,Shri Rwngwra Narzary (2022-28) (2022-2028),Rwngwra Narzary,rwngwra_narzary,,,Elected MP,elected_mp,220563957.11,
cea1ac4d591b33b1,Allocated_Limit_for_Honble_MPs_1_Sheet1,109,64,Maharashtra,maharashtra,Shri Chandrakant Damodar Handore (2024-30) (2024-2030),Chandrakant Damodar Handore,chandrakant_damodar_handore,,,Elected MP,elected_mp,147000000,
5c85307127d488de,Allocated_Limit_for_Honble_MPs_1_Sheet1,110,66,Tamil Nadu,tamil_nadu,Shri Christopher Manickam (2026-32) (2026-2032),Christopher Manickam,christopher_manickam,,,Elected MP,elected_mp,49356476.5,
bdd63a8794eb47af,Allocated_Limit_for_Honble_MPs_1_Sheet1,111,125,Rajasthan,rajasthan,Shri Mukul Wasnik (2022-28) (2022-2028),Mukul Wasnik,mukul_wasnik,,,Elected MP,elected_mp,196063957.11,
8089329285760e25,Allocated_Limit_for_Honble_MPs_1_Sheet1,112,231,Madhya Pradesh,madhya_pradesh,Smt. Sumitra Balmik (2022-28) (2022-2028),Sumitra Balmik,sumitra_balmik,,,Elected MP,elected_mp,196063957.11,
7b69cf77d33f29aa,Allocated_Limit_for_Honble_MPs_1_Sheet1,113,47,Telangana,telangana,Shri Anil Kumar Yadav Mandadi (2024-30) (2024-2030),Anil Kumar Yadav Mandadi,anil_kumar_yadav_mandadi,,,Elected MP,elected_mp,147000000,
8346bcd817dc211c,Allocated_Limit_for_Honble_MPs_1_Sheet1,114,52,Odisha,odisha,Shri Ashwini Vaishnaw (2024-30) (2024-2030),Ashwini Vaishnaw,ashwini_vaishnaw,,,Elected MP,elected_mp,265563957.11,
440731e57f70fb15,Allocated_Limit_for_Honble_MPs_1_Sheet1,115,211,Chhattisgarh,chhattisgarh,Smt. Laxmi Verma (2026-32) (2026-2032),Laxmi Verma,laxmi_verma,,,Elected MP,elected_mp,49000000,
7e03c9ee6a36c73f,Allocated_Limit_for_Honble_MPs_1_Sheet1,116,200,Bihar,bihar,Shri Upendra Kushwaha (2026-32) (2026-2032),Upendra Kushwaha,upendra_kushwaha,,,Elected MP,elected_mp,49000000,
413d50e40af9cbc4,Allocated_Limit_for_Honble_MPs_1_Sheet1,117,131,Rajasthan,rajasthan,Shri Neeraj Dangi (2026-32) (2026-2032),Neeraj Dangi,neeraj_dangi,,,Elected MP,elected_mp,49000000,
420a9c44ed8721b2,Allocated_Limit_for_Honble_MPs_1_Sheet1,118,163,Uttar Pradesh,uttar_pradesh,Shri Ratanjit Pratap Narain Singh (2024-30) (2024-2030),Ratanjit Pratap Narain Singh,ratanjit_pratap_narain_singh,,,Elected MP,elected_mp,147000000,
535973eeab2c3320,Allocated_Limit_for_Honble_MPs_1_Sheet1,119,123,Uttar Pradesh,uttar_pradesh,Shri Mithlesh Kumar (2022-28) (2022-2028),Mithlesh Kumar,mithlesh_kumar,,,Elected MP,elected_mp,196063957.11,
1d10f249c654aa68,Allocated_Limit_for_Honble_MPs_1_Sheet1,120,126,West Bengal,west_bengal,Shri Nagendra Ray (2023-29) (2023-2029),Nagendra Ray,nagendra_ray,,,Elected MP,elected_mp,171500000,
59c9baa6f0200260,Allocated_Limit_for_Honble_MPs_1_Sheet1,121,135,Tamil Nadu,tamil_nadu,Shri P. Chidambaram (2022-28) (2022-2028),P Chidambaram,p_chidambaram,,,Elected MP,elected_mp,236312242.52,
1c7aad9e22d5d1b8,Allocated_Limit_for_Honble_MPs_1_Sheet1,122,158,Maharashtra,maharashtra,Shri Ramdas Bandu Athawale (2026-32) (2026-2032),Ramdas Bandu Athawale,ramdas_bandu_athawale,,,Elected MP,elected_mp,49000000,
234c47701131af6a,Allocated_Limit_for_Honble_MPs_1_Sheet1,123,96,Assam,assam,Shri Jogen Mohan (2026-32) (2026-2032),Jogen Mohan,jogen_mohan,,,Elected MP,elected_mp,49000000,
0a0681034d46e85c,Allocated_Limit_for_Honble_MPs_1_Sheet1,124,176,Andhra Pradesh,andhra_pradesh,Shri Sana Sathish Babu (2026-32) (2026-2032),Sana Sathish Babu,sana_sathish_babu,,,Elected MP,elected_mp,49063978,
0da19dce4c2063ab,Allocated_Limit_for_Honble_MPs_1_Sheet1,125,166,Andhra Pradesh,andhra_pradesh,Shri Ryaga Krishnaiah (2024-28) (2024-2028),Ryaga Krishnaiah,ryaga_krishnaiah,,,Elected MP,elected_mp,170413583.79,
d9c337872be551da,Allocated_Limit_for_Honble_MPs_1_Sheet1,126,34,Karnataka,karnataka,Dr. Syed Naseer Hussain (2024-30) (2024-2030),Syed Naseer Hussain,syed_naseer_hussain,,,Elected MP,elected_mp,147000000,
7e8125681aea2f3a,Allocated_Limit_for_Honble_MPs_1_Sheet1,127,150,Punjab,punjab,Shri Raghav Chadha (2022-28) (2022-2028),Raghav Chadha,raghav_chadha,,,Elected MP,elected_mp,237229207.25,
c7f2a70f87cc2193,Allocated_Limit_for_Honble_MPs_1_Sheet1,128,178,Haryana,haryana,Shri Sanjay Bhatia (2026-32) (2026-2032),Sanjay Bhatia,sanjay_bhatia,,,Elected MP,elected_mp,49000000,
f8bdcc1d5d567b43,Allocated_Limit_for_Honble_MPs_1_Sheet1,129,102,Haryana,haryana,Shri Karamvir Singh Singh Boudh (2026-32) (2026-2032),Karamvir Singh Singh Boudh,karamvir_singh_singh_boudh,,,Elected MP,elected_mp,49000000,
e1996dd8f42a6a3f,Allocated_Limit_for_Honble_MPs_1_Sheet1,130,128,Karnataka,karnataka,Shri Narayanasa K. Bhandage (2024-30) (2024-2030),Narayanasa K Bhandage,narayanasa_k_bhandage,,,Elected MP,elected_mp,147450000,
fd01ca5f4ff9eb70,Allocated_Limit_for_Honble_MPs_1_Sheet1,131,133,Maharashtra,maharashtra,Shri Nitin Laxmanrao Jadhav Patil (2024-28) (2024-2028),Nitin Laxmanrao Jadhav Patil,nitin_laxmanrao_jadhav_patil,,,Elected MP,elected_mp,122500000,
a62601e0c0a75f3a,Allocated_Limit_for_Honble_MPs_1_Sheet1,132,168,Gujarat,gujarat,Shri S. Jaishankar (2023-29) (2023-2029),S Jaishankar,s_jaishankar,,,Elected MP,elected_mp,171500000,
682eeb519400c23a,Allocated_Limit_for_Honble_MPs_1_Sheet1,133,55,Gujarat,gujarat,Shri Babubhai Jesangbhai Desai (2023-29) (2023-2029),Babubhai Jesangbhai Desai,babubhai_jesangbhai_desai,,,Elected MP,elected_mp,171500000,
55c7eb162dcc53d3,Allocated_Limit_for_Honble_MPs_1_Sheet1,134,17,Madhya Pradesh,madhya_pradesh,Dr. L. Murugan (2024-30) (2024-2030),L Murugan,l_murugan,,,Elected MP,elected_mp,147000000,
935d0a90191f7e3f,Allocated_Limit_for_Honble_MPs_1_Sheet1,135,199,Maharashtra,maharashtra,Shri Ujjwal Deorao Nikam (2025-31) (2025-2031),Ujjwal Deorao Nikam,ujjwal_deorao_nikam,,,Nominated MP,nominated_mp,73500000,
e6ed71ade330e41b,Allocated_Limit_for_Honble_MPs_1_Sheet1,136,103,Haryana,haryana,Shri Kartikeya Sharma (2022-28) (2022-2028),Kartikeya Sharma,kartikeya_sharma,,,Elected MP,elected_mp,196000000,
1b51b9714ff01ab2,Allocated_Limit_for_Honble_MPs_1_Sheet1,137,81,Jammu And Kashmir,jammu_and_kashmir,Shri Gurwinder Singh Oberoi (2025-31) (2025-2031),Gurwinder Singh Oberoi,gurwinder_singh_oberoi,,,Elected MP,elected_mp,73500000,
76302476b9e61338,Allocated_Limit_for_Honble_MPs_1_Sheet1,138,216,Karnataka,karnataka,Smt. Nirmala Sitharaman (2022-28) (2022-2028),Nirmala Sitharaman,nirmala_sitharaman,,,Elected MP,elected_mp,215972051.45,
c700da5bbe5c73b5,Allocated_Limit_for_Honble_MPs_1_Sheet1,139,Grand Total,,,,,,,,,,33613347899.82,missing_mp_name|missing_state
96a459b090b1da81,Allocated_Limit_for_Honble_MPs_1_Sheet1,140,15,Uttarakhand,uttarakhand,Dr. Kalpana Saini (2022-28) (2022-2028),Kalpana Saini,kalpana_saini,,,Elected MP,elected_mp,200830405.8,
38d0b6934bcb1293,Allocated_Limit_for_Honble_MPs_1_Sheet1,141,84,Kerala,kerala,Shri Haris Beeran (2024-30) (2024-2030),Haris Beeran,haris_beeran,,,Elected MP,elected_mp,122500000,
dd5e3e97cb9ade9d,Allocated_Limit_for_Honble_MPs_1_Sheet1,142,201,Andhra Pradesh,andhra_pradesh,Shri V. Vijayendra Prasad (2022-28) (2022-2028),V Vijayendra Prasad,v_vijayendra_prasad,,,Nominated MP,nominated_mp,196063957.11,
298537dab20441d6,Allocated_Limit_for_Honble_MPs_1_Sheet1,143,70,Odisha,odisha,Shri Debashish Samantaray (2026-30) (2026-2030),Debashish Samantaray,debashish_samantaray,,,Elected MP,elected_mp,23800006,
55aec2fa9e79d28c,Allocated_Limit_for_Honble_MPs_1_Sheet1,144,170,Puducherry,puducherry,Shri S. Selvaganabathy (2021-27) (2021-2027),S Selvaganabathy,s_selvaganabathy,,,Elected MP,elected_mp,292881856.49,
7a5ae75937564c07,Allocated_Limit_for_Honble_MPs_1_Sheet1,145,119,Andhra Pradesh,andhra_pradesh,Shri Masthan Rao Yadav Beedha (2024-28) (2024-2028),Masthan Rao Yadav Beedha,masthan_rao_yadav_beedha,,,Elected MP,elected_mp,171296045.11,
43c24c94ea82570a,Allocated_Limit_for_Honble_MPs_1_Sheet1,146,181,Uttar Pradesh,uttar_pradesh,Shri Sanjay Seth (2024-30) (2024-2030),Sanjay Seth,sanjay_seth,,,Elected MP,elected_mp,147000000,
f5063a29e837ef88,Allocated_Limit_for_Honble_MPs_1_Sheet1,147,227,Uttar Pradesh,uttar_pradesh,Smt. Seema Dwivedi (2020-26) (2020-2026),Seema Dwivedi,seema_dwivedi,,,Elected MP,elected_mp,173830159.11,
854523af2af6a128,Allocated_Limit_for_Honble_MPs_1_Sheet1,148,137,Tamil Nadu,tamil_nadu,Shri P. Wilson (2025-31) (2025-2031),P Wilson,p_wilson,,,Elected MP,elected_mp,89248285.42,
b9f4bfbc60bc75c1,Allocated_Limit_for_Honble_MPs_1_Sheet1,149,44,Karnataka,karnataka,Shri Ajay Makan (2024-30) (2024-2030),Ajay Makan,ajay_makan,,,Elected MP,elected_mp,147000000,
8e5e80543b56a400,Allocated_Limit_for_Honble_MPs_1_Sheet1,150,19,Tamil Nadu,tamil_nadu,Dr. M. Dhanapal (2025-31) (2025-2031),M Dhanapal,m_dhanapal,,,Elected MP,elected_mp,89248285.42,
921d9a445c0ce0d5,Allocated_Limit_for_Honble_MPs_1_Sheet1,151,69,Telangana,telangana,Shri Damodar Rao Divakonda (2022-28) (2022-2028),Damodar Rao Divakonda,damodar_rao_divakonda,,,Elected MP,elected_mp,239919406.11,
a5e9019a92c86a53,Allocated_Limit_for_Honble_MPs_1_Sheet1,152,54,Uttar Pradesh,uttar_pradesh,Shri B.L. Verma (2020-26) (2020-2026),B L Verma,b_l_verma,,,Elected MP,elected_mp,196063957.11,
2c27268b52676451,Allocated_Limit_for_Honble_MPs_1_Sheet1,153,91,Karnataka,karnataka,Shri Jaggesh (2022-28) (2022-2028),Jaggesh,jaggesh,,,Elected MP,elected_mp,196063957.11,
46b65d2f5f7756c9,Allocated_Limit_for_Honble_MPs_1_Sheet1,154,95,Uttar Pradesh,uttar_pradesh,Shri Jayant Chaudhary (2022-28) (2022-2028),Jayant Chaudhary,jayant_chaudhary,,,Elected MP,elected_mp,214074707.67,
2c288887f5be6187,Allocated_Limit_for_Honble_MPs_1_Sheet1,155,42,Kerala,kerala,Shri Abdul Wahab (2021-27) (2021-2027),Abdul Wahab,abdul_wahab,,,Elected MP,elected_mp,310898953.29,
0f0e301e5d3ee324,Allocated_Limit_for_Honble_MPs_1_Sheet1,156,94,Uttar Pradesh,uttar_pradesh,Shri Javed Ali Khan (2022-28) (2022-2028),Javed Ali Khan,javed_ali_khan,,,Elected MP,elected_mp,196063957.11,
3c4d5bf82555902d,Allocated_Limit_for_Honble_MPs_1_Sheet1,157,117,Odisha,odisha,Shri Manmohan Samal (2026-32) (2026-2032),Manmohan Samal,manmohan_samal,,,Elected MP,elected_mp,49000000,
493fdd8b3d767d6f,Allocated_Limit_for_Honble_MPs_1_Sheet1,158,191,Odisha,odisha,Shri Subhasish Khuntia (2024-30) (2024-2030),Subhasish Khuntia,subhasish_khuntia,,,Elected MP,elected_mp,147000000,
07b338da89138d21,Allocated_Limit_for_Honble_MPs_1_Sheet1,159,185,Jammu And Kashmir,jammu_and_kashmir,Shri Sat Paul Sharma (2025-31) (2025-2031),Sat Paul Sharma,sat_paul_sharma,,,Elected MP,elected_mp,73500000,
7eb9218e88ed5bb8,Allocated_Limit_for_Honble_MPs_1_Sheet1,160,26,Punjab,punjab,Dr. Sandeep Kumar Pathak (2022-28) (2022-2028),Sandeep Kumar Pathak,sandeep_kumar_pathak,,,Elected MP,elected_mp,232203454.24,
8126dac8260fdf12,Allocated_Limit_for_Honble_MPs_1_Sheet1,161,212,Jharkhand,jharkhand,Smt. Mahua Maji (2022-28) (2022-2028),Mahua Maji,mahua_maji,,,Elected MP,elected_mp,232524001.2,
068a935e6934d1ef,Allocated_Limit_for_Honble_MPs_1_Sheet1,162,222,Telangana,telangana,Smt. Renuka Chowdhury (2024-30) (2024-2030),Renuka Chowdhury,renuka_chowdhury,,,Elected MP,elected_mp,147000000,
5aa1201ef8dc6326,Allocated_Limit_for_Honble_MPs_1_Sheet1,163,75,Sikkim,sikkim,Shri Dorjee Tshering Lepcha (2024-30) (2024-2030),Dorjee Tshering Lepcha,dorjee_tshering_lepcha,,,Elected MP,elected_mp,150170726.11,
3e230c1dfd2154d0,Allocated_Limit_for_Honble_MPs_1_Sheet1,164,59,Madhya Pradesh,madhya_pradesh,Shri Banshilal Gurjar (2024-30) (2024-2030),Banshilal Gurjar,banshilal_gurjar,,,Elected MP,elected_mp,147000000,
7fd4167228e012f5,Allocated_Limit_for_Honble_MPs_1_Sheet1,165,194,Arunachal Pradesh,arunachal_pradesh,Shri Tai Tagak (2026-32) (2026-2032),Tai Tagak,tai_tagak,,,Elected MP,elected_mp,49000000,
561af8d3576cec83,Allocated_Limit_for_Honble_MPs_1_Sheet1,166,18,Uttar Pradesh,uttar_pradesh,Dr. Laxmikant Bajpayee (2022-28) (2022-2028),Laxmikant Bajpayee,laxmikant_bajpayee,,,Elected MP,elected_mp,196000000,
4d0bfdf99e1448d5,Allocated_Limit_for_Honble_MPs_1_Sheet1,167,50,Madhya Pradesh,madhya_pradesh,Shri Ashok Singh (2024-30) (2024-2030),Ashok Singh,ashok_singh,,,Elected MP,elected_mp,147000000,
6c1c5fafceb7a860,Allocated_Limit_for_Honble_MPs_1_Sheet1,168,148,Tamil Nadu,tamil_nadu,Shri R. Dharmar (2022-28) (2022-2028),R Dharmar,r_dharmar,,,Elected MP,elected_mp,260812242.52,
426955294a60c2f2,Allocated_Limit_for_Honble_MPs_1_Sheet1,169,93,Meghalaya,meghalaya,Shri James Pangsang Kongkal Sangma (2026-32) (2026-2032),James Pangsang Kongkal Sangma,james_pangsang_kongkal_sangma,,,Elected MP,elected_mp,49000000,
7e778f8c3ccfbaa1,Allocated_Limit_for_Honble_MPs_1_Sheet1,170,159,Uttar Pradesh,uttar_pradesh,Shri Ramji (2020-26) (2020-2026),Ramji,ramji,,,Elected MP,elected_mp,174518577.11,
2b7e4b7b8de72e0b,Allocated_Limit_for_Honble_MPs_1_Sheet1,171,161,Maharashtra,maharashtra,Shri Ramrao Sakharam Wadkute (2026-32) (2026-2032),Ramrao Sakharam Wadkute,ramrao_sakharam_wadkute,,,Elected MP,elected_mp,49000000,
cce24b2b0ac16175,Allocated_Limit_for_Honble_MPs_1_Sheet1,172,76,Karnataka,karnataka,Shri G.C. Chandrashekhar (2024-30) (2024-2030),G C Chandrashekhar,g_c_chandrashekhar,,,Elected MP,elected_mp,147000000,
c8efa426392892df,Allocated_Limit_for_Honble_MPs_1_Sheet1,173,142,Jharkhand,jharkhand,Shri Pradip Kumar Varma (2024-30) (2024-2030),Pradip Kumar Varma,pradip_kumar_varma,,,Elected MP,elected_mp,178564551.09,
22623951e3dad996,Allocated_Limit_for_Honble_MPs_1_Sheet1,174,21,Maharashtra,maharashtra,Dr. Medha Vishram Kulkarni (2024-30) (2024-2030),Medha Vishram Kulkarni,medha_vishram_kulkarni,,,Elected MP,elected_mp,147000000,
484b7d5526bdf270,Allocated_Limit_for_Honble_MPs_1_Sheet1,175,97,Kerala,kerala,Shri Jose K. Mani (2024-30) (2024-2030),Jose K Mani,jose_k_mani,,,Elected MP,elected_mp,122500000,
9591004447b3ca62,Allocated_Limit_for_Honble_MPs_1_Sheet1,176,32,Himachal Pradesh,himachal_pradesh,Dr. Sikander Kumar (2022-28) (2022-2028),Sikander Kumar,sikander_kumar,,,Elected MP,elected_mp,207863957.11,
6b90bf6ba9ca3fb7,Allocated_Limit_for_Honble_MPs_1_Sheet1,177,138,Assam,assam,Shri Pabitra Margherita (2022-28) (2022-2028),Pabitra Margherita,pabitra_margherita,,,Elected MP,elected_mp,220563957.11,
51689d9b172367ae,Allocated_Limit_for_Honble_MPs_1_Sheet1,178,118,Karnataka,karnataka,Shri Mansoor Ali Khan (2026-32) (2026-2032),Mansoor Ali Khan,mansoor_ali_khan,,,Elected MP,elected_mp,49000000,
ebe202eca7381331,Allocated_Limit_for_Honble_MPs_1_Sheet1,179,12,Kerala,kerala,Dr. John Brittas (2021-27) (2021-2027),John Brittas,john_brittas,,,Elected MP,elected_mp,245063957.11,
45e4990ce2a90609,Allocated_Limit_for_Honble_MPs_1_Sheet1,180,68,Tamil Nadu,tamil_nadu,Shri Constandine Ravindran (2026-32) (2026-2032),Constandine Ravindran,constandine_ravindran,,,Elected MP,elected_mp,49356476.5,
44e167c02ab9e0a0,Allocated_Limit_for_Honble_MPs_1_Sheet1,181,210,Kerala,kerala,Smt. Jebi Mather Hisham (2022-28) (2022-2028),Jebi Mather Hisham,jebi_mather_hisham,,,Elected MP,elected_mp,220563957.11,
f6abc7cc9857c023,Allocated_Limit_for_Honble_MPs_1_Sheet1,182,89,Maharashtra,maharashtra,Shri Imran Pratapgarhi (2022-28) (2022-2028),Imran Pratapgarhi,imran_pratapgarhi,,,Elected MP,elected_mp,196000000,
654638d9916c531d,Allocated_Limit_for_Honble_MPs_1_Sheet1,183,92,Karnataka,karnataka,Shri Jairam Ramesh (2022-28) (2022-2028),Jairam Ramesh,jairam_ramesh,,,Elected MP,elected_mp,220563957.11,
c6ce7ecd0873f82c,Allocated_Limit_for_Honble_MPs_1_Sheet1,184,25,Uttar Pradesh,uttar_pradesh,Dr. Radha Mohan Das Agrawal (2022-28) (2022-2028),Radha Mohan Das Agrawal,radha_mohan_das_agrawal,,,Elected MP,elected_mp,203626524.67,
a38d1a16a90eb916,Allocated_Limit_for_Honble_MPs_1_Sheet1,185,98,Tamil Nadu,tamil_nadu,Shri K.R.N. Rajeshkumar (2022-28) (2022-2028),K R N Rajeshkumar,k_r_n_rajeshkumar,,,Elected MP,elected_mp,238513975.53,
2e9c061b032b08b9,Allocated_Limit_for_Honble_MPs_Sheet1,1,112,Chhattisgarh,chhattisgarh,CHINTAMANI MAHARAJ,Chintamani Maharaj,chintamani_maharaj,SARGUJA(ST),sarguja_st,,,147000000,
5e0cd73a8322cfd4,Allocated_Limit_for_Honble_MPs_Sheet1,2,97,Madhya Pradesh,madhya_pradesh,BUNTY VIVEK SAHU,Bunty Vivek Sahu,bunty_vivek_sahu,CHHINDWARA,chhindwara,,,147000000,
e53e913055e37798,Allocated_Limit_for_Honble_MPs_Sheet1,3,210,Jammu And Kashmir,jammu_and_kashmir,Jitendra Singh,Jitendra Singh,jitendra_singh,UDHAMPUR,udhampur,,,147000000,
4dff244a112a7fb2,Allocated_Limit_for_Honble_MPs_Sheet1,4,202,Uttar Pradesh,uttar_pradesh,Jagdambika Pal,Jagdambika Pal,jagdambika_pal,DOMARIYAGANJ,domariyaganj,,,160643957.11,
366383aa27e2bd76,Allocated_Limit_for_Honble_MPs_Sheet1,5,367,Bihar,bihar,Rajiv Pratap Rudy,Rajiv Pratap Rudy,rajiv_pratap_rudy,SARAN,saran,,,147000000,
77b535764ccfdace,Allocated_Limit_for_Honble_MPs_Sheet1,6,379,Uttar Pradesh,uttar_pradesh,RAMBHUAL NISHAD,Rambhual Nishad,rambhual_nishad,SULTANPUR,sultanpur,,,151231957.11,
e043b06eb693b691,Allocated_Limit_for_Honble_MPs_Sheet1,7,246,Uttar Pradesh,uttar_pradesh,Kirti Vardhan Singh,Kirti Vardhan Singh,kirti_vardhan_singh,GONDA,gonda,,,147000000,
47430fdc1b832f09,Allocated_Limit_for_Honble_MPs_Sheet1,8,337,Odisha,odisha,Pratap Chandra Sarangi,Pratap Chandra Sarangi,pratap_chandra_sarangi,BALASORE,balasore,,,147064254.11,
8ac0a5da91d3258f,Allocated_Limit_for_Honble_MPs_Sheet1,9,155,Maharashtra,maharashtra,DR. PRASHANT YADAORAO PADOLE,Prashant Yadaorao Padole,prashant_yadaorao_padole,BHANDARA-GONDIYA,bhandara_gondiya,,,159680283.39,
2cb1e29287596f6e,Allocated_Limit_for_Honble_MPs_Sheet1,10,106,Gujarat,gujarat,CHANDUBHAI CHHAGANBHAI SHIHORA,Chandubhai Chhaganbhai Shihora,chandubhai_chhaganbhai_shihora,SURENDRANAGAR,surendranagar,,,147000000,
39c72b685dfd59d6,Allocated_Limit_for_Honble_MPs_Sheet1,11,119,Rajasthan,rajasthan,DAMODAR AGARWAL,Damodar Agarwal,damodar_agarwal,BHILWARA,bhilwara,,,147000000,
19354f4125ab8c66,Allocated_Limit_for_Honble_MPs_Sheet1,12,366,Gujarat,gujarat,Rajeshbhai Naranbhai Chudasama,Rajeshbhai Naranbhai Chudasama,rajeshbhai_naranbhai_chudasama,JUNAGADH,junagadh,,,147000000,
0f819bb97be38dd1,Allocated_Limit_for_Honble_MPs_Sheet1,13,477,Odisha,odisha,Smt Aparajita Sarangi,Aparajita Sarangi,aparajita_sarangi,BHUBANESWAR,bhubaneswar,,,147420861.41,
733ac42782b74023,Allocated_Limit_for_Honble_MPs_Sheet1,14,133,Assam,assam,Dilip Saikia,Dilip Saikia,dilip_saikia,DARRANG-UDALGURI,darrang_udalguri,,,147000000,
582bc3442fc72788,Allocated_Limit_for_Honble_MPs_Sheet1,15,508,Andhra Pradesh,andhra_pradesh,TANGELLA UDAY SRINIVAS,Tangella Uday Srinivas,tangella_uday_srinivas,KAKINADA,kakinada,,,199417886.76,
40ebacc7a6bfd3fc,Allocated_Limit_for_Honble_MPs_Sheet1,16,315,Bihar,bihar,Nityanand Rai,Nityanand Rai,nityanand_rai,UJJARPUR,ujjarpur,,,147000000,
3438d9274e1551b2,Allocated_Limit_for_Honble_MPs_Sheet1,17,513,Tamil Nadu,tamil_nadu,THARANIVENTHAN M S,Tharaniventhan M S,tharaniventhan_m_s,ARANI,arani,,,168337124.35,
36ccb6433ad6ce3b,Allocated_Limit_for_Honble_MPs_Sheet1,18,334,Karnataka,karnataka,Pralhad Venkatesh Joshi,Pralhad Venkatesh Joshi,pralhad_venkatesh_joshi,DHARWAD,dharwad,,,147000000,
5c2b85c4b7a82719,Allocated_Limit_for_Honble_MPs_Sheet1,19,391,Mizoram,mizoram,RICHARD VANLALHMANGAIHA,Richard Vanlalhmangaiha,richard_vanlalhmangaiha,MIZORAM (ST),mizoram_st,,,147000000,
4b3173af62e91636,Allocated_Limit_for_Honble_MPs_Sheet1,20,496,Odisha,odisha,SUKANTA KUMAR PANIGRAHI,Sukanta Kumar Panigrahi,sukanta_kumar_panigrahi,KANDHAMAL,kandhamal,,,190712424.11,
7d8da67ce4eb9250,Allocated_Limit_for_Honble_MPs_Sheet1,21,331,Bihar,bihar,Pradeep Kumar Singh,Pradeep Kumar Singh,pradeep_kumar_singh,ARARIA,araria,,,147000000,
e87fcc8a73ae15ec,Allocated_Limit_for_Honble_MPs_Sheet1,22,412,Chhattisgarh,chhattisgarh,Santosh Pandey,Santosh Pandey,santosh_pandey,RAJNANDGAON,rajnandgaon,,,147000000,
50b46ef6bac5e9a9,Allocated_Limit_for_Honble_MPs_Sheet1,23,156,Punjab,punjab,DR. RAJ KUMAR CHABBEWAL,Raj Kumar Chabbewal,raj_kumar_chabbewal,HOSHIARPUR(SC),hoshiarpur_sc,,,147000000,
47692016767167ee,Allocated_Limit_for_Honble_MPs_Sheet1,24,316,Rajasthan,rajasthan,Om Birla,Om Birla,om_birla,KOTA,kota,,,163906956.6,
7a3ea0e8eb9ea9df,Allocated_Limit_for_Honble_MPs_Sheet1,25,242,West Bengal,west_bengal,Khagen Murmu,Khagen Murmu,khagen_murmu,MALDAHA UTTAR,maldaha_uttar,,,147000000,
0638f6b07b91b119,Allocated_Limit_for_Honble_MPs_Sheet1,26,409,Jharkhand,jharkhand,Sanjay Seth,Sanjay Seth,sanjay_seth,RANCHI,ranchi,,,147064357.11,
51c8d456d2782d6c,Allocated_Limit_for_Honble_MPs_Sheet1,27,161,Telangana,telangana,DR.MALLU RAVI,Mallu Ravi,mallu_ravi,NAGARKURNOOL(SC),nagarkurnool_sc,,,147000000,
2a05ac314f5ae876,Allocated_Limit_for_Honble_MPs_Sheet1,28,9,Kerala,kerala,Adv Dean Kuriakose,Dean Kuriakose,dean_kuriakose,IDUKKI,idukki,,,147000000,
3923c65b22964838,Allocated_Limit_for_Honble_MPs_Sheet1,29,263,Karnataka,karnataka,M. MALLESH BABU,M Mallesh Babu,m_mallesh_babu,KOLAR(SC),kolar_sc,,,147065957.11,
b78f6edc920942c6,Allocated_Limit_for_Honble_MPs_Sheet1,30,250,Karnataka,karnataka,KOTA SRINIVAS POOJARY,Kota Srinivas Poojary,kota_srinivas_poojary,UDUPI CHIKMAGALUR,udupi_chikmagalur,,,147000000,
6faf2a0f61faa444,Allocated_Limit_for_Honble_MPs_Sheet1,31,199,West Bengal,west_bengal,JAGADISH CHANDRA BARMA BASUNIA,Jagadish Chandra Barma Basunia,jagadish_chandra_barma_basunia,COOCHBEHAR(SC),coochbehar_sc,,,168604641.11,
9b34681f51dd8d21,Allocated_Limit_for_Honble_MPs_Sheet1,32,400,Tamil Nadu,tamil_nadu,SACHITHANANTHAM R,Sachithanantham R,sachithanantham_r,DINDIGUL,dindigul,,,147000000,
744cb5301909a76a,Allocated_Limit_for_Honble_MPs_Sheet1,33,469,Maharashtra,maharashtra,SHRIMANT CHH UDAYANRAJE PRATAPSINHAMAHARAJ BHONSLE,Shrimant Chh Udayanraje Pratapsinhamaharaj Bhonsle,shrimant_chh_udayanraje_pratapsinhamaharaj_bhonsle,SATARA,satara,,,147000000,
7fde001a59417584,Allocated_Limit_for_Honble_MPs_Sheet1,34,404,Uttar Pradesh,uttar_pradesh,SANATAN PANDEY,Sanatan Pandey,sanatan_pandey,BALLIA,ballia,,,180420041.4,
f4325e2edc42b819,Allocated_Limit_for_Honble_MPs_Sheet1,35,475,Maharashtra,maharashtra,SMITA UDAY WAGH,Smita Uday Wagh,smita_uday_wagh,JALGAON,jalgaon,,,148107373.11,
d3fe6496103728bd,Allocated_Limit_for_Honble_MPs_Sheet1,36,255,Tripura,tripura,KRITI DEVI DEBBARMAN,Kriti Devi Debbarman,kriti_devi_debbarman,TRIPURA EAST(ST),tripura_east_st,,,147000000,
787e8c64e63c81a8,Allocated_Limit_for_Honble_MPs_Sheet1,37,197,Uttar Pradesh,uttar_pradesh,IQRA CHOUDHARY,Iqra Choudhary,iqra_choudhary,KAIRANA,kairana,,,147000000,
181f9612524dcd59,Allocated_Limit_for_Honble_MPs_Sheet1,38,144,Tamil Nadu,tamil_nadu,DR RANI SRI KUMAR,Rani Sri Kumar,rani_sri_kumar,TENKASI(SC),tenkasi_sc,,,153060922.82,
1af410aaccc64b03,Allocated_Limit_for_Honble_MPs_Sheet1,39,523,Puducherry,puducherry,Vaithilingam Ve,Vaithilingam Ve,vaithilingam_ve,PUDUCHERRY,puducherry,,,209368972.11,
8c7704da55030aa3,Allocated_Limit_for_Honble_MPs_Sheet1,40,491,Andhra Pradesh,andhra_pradesh,Sribharat MathuKumli,Sribharat Mathukumli,sribharat_mathukumli,VISAKHAPATNAM,visakhapatnam,,,164841922,
51d26249158735da,Allocated_Limit_for_Honble_MPs_Sheet1,41,154,Odisha,odisha,DR. PRADEEP KUMAR PANIGRAHY,Pradeep Kumar Panigrahy,pradeep_kumar_panigrahy,BERHAMPUR,berhampur,,,147000000,
bee4215a94a510c5,Allocated_Limit_for_Honble_MPs_Sheet1,42,38,Odisha,odisha,ANITA SUBHADARSHINI,Anita Subhadarshini,anita_subhadarshini,ASKA,aska,,,147000000,
310f347d8e0ffb9e,Allocated_Limit_for_Honble_MPs_Sheet1,43,298,Uttar Pradesh,uttar_pradesh,Mukesh Rajput,Mukesh Rajput,mukesh_rajput,FARRUKHABAD,farrukhabad,,,147000000,
0a73695a3482f9e7,Allocated_Limit_for_Honble_MPs_Sheet1,44,101,Goa,goa,CAPTAIN VIRIATO FERNANDES,Captain Viriato Fernandes,captain_viriato_fernandes,SOUTH GOA,south_goa,,,147000000,
5fd527ec2e665ec7,Allocated_Limit_for_Honble_MPs_Sheet1,45,259,Andhra Pradesh,andhra_pradesh,Lavu Sri Krishna Devarayalu,Lavu Sri Krishna Devarayalu,lavu_sri_krishna_devarayalu,NARASARAOPET,narasaraopet,,,174009663.11,
4de79b83349f73a6,Allocated_Limit_for_Honble_MPs_Sheet1,46,450,Odisha,odisha,Shri Jual Oram,Jual Oram,jual_oram,SUNDARGARH (ST),sundargarh_st,,,173096756.91,
7d5b8f874059c1f3,Allocated_Limit_for_Honble_MPs_Sheet1,47,152,Gujarat,gujarat,DR. MANSUKH MANDAVIYA,Mansukh Mandaviya,mansukh_mandaviya,PORBANDAR,porbandar,,,147000000,
0fae6bc6b226954e,Allocated_Limit_for_Honble_MPs_Sheet1,48,262,Rajasthan,rajasthan,LUMBARAM,Lumbaram,lumbaram,JALORE,jalore,,,147000000,
33aabf9e2df296ca,Allocated_Limit_for_Honble_MPs_Sheet1,49,483,Maharashtra,maharashtra,Smt Raksha Nikhil Khadse,Raksha Nikhil Khadse,raksha_nikhil_khadse,RAVER,raver,,,153112586.11,
ad00563d6ecffaf8,Allocated_Limit_for_Honble_MPs_Sheet1,50,60,Uttar Pradesh,uttar_pradesh,AWADHESH PRASAD,Awadhesh Prasad,awadhesh_prasad,FAIZABAD,faizabad,,,147000000,
c320bb00ffd0db17,Allocated_Limit_for_Honble_MPs_Sheet1,51,314,Maharashtra,maharashtra,Nitin Jairam Gadkari,Nitin Jairam Gadkari,nitin_jairam_gadkari,NAGPUR,nagpur,,,168195086.11,
8e3998908e7e2c92,Allocated_Limit_for_Honble_MPs_Sheet1,52,42,Maharashtra,maharashtra,ANUP SANJAY DHOTRE,Anup Sanjay Dhotre,anup_sanjay_dhotre,AKOLA,akola,,,147000000,
1d9bb7faadd58601,Allocated_Limit_for_Honble_MPs_Sheet1,53,87,Maharashtra,maharashtra,BHUMARE SANDIPANRAO ASARAM,Bhumare Sandipanrao Asaram,bhumare_sandipanrao_asaram,AURANGABAD_MH,aurangabad_mh,,,147000000,
847cbf98bb372062,Allocated_Limit_for_Honble_MPs_Sheet1,54,347,Uttar Pradesh,uttar_pradesh,PUSHPENDRA SAROJ,Pushpendra Saroj,pushpendra_saroj,KAUSHAMBI(SC),kaushambi_sc,,,147000000,
98043e0c93404d31,Allocated_Limit_for_Honble_MPs_Sheet1,55,519,Rajasthan,rajasthan,UMMEDA RAM BENIWAL,Ummeda Ram Beniwal,ummeda_ram_beniwal,BARMER,barmer,,,147000000,
c8460e4b244320f4,Allocated_Limit_for_Honble_MPs_Sheet1,56,111,Uttar Pradesh,uttar_pradesh,CHHOTELAL,Chhotelal,chhotelal,ROBERTSGANJ(SC),robertsganj_sc,,,147000000,
a30e02ccbf7656c4,Allocated_Limit_for_Honble_MPs_Sheet1,57,180,Bihar,bihar,Giridhari Yadav,Giridhari Yadav,giridhari_yadav,BANKA,banka,,,147000000,
0fce197272e4b8a4,Allocated_Limit_for_Honble_MPs_Sheet1,58,295,Bihar,bihar,Mr Gopal Jee Thakur,Gopal Jee Thakur,gopal_jee_thakur,DARBHANGA,darbhanga,,,147000000,
a63fd77a6d791450,Allocated_Limit_for_Honble_MPs_Sheet1,59,22,Madhya Pradesh,madhya_pradesh,ALOK SHARMA,Alok Sharma,alok_sharma,BHOPAL,bhopal,,,147000000,
d02e13c831f38ce9,Allocated_Limit_for_Honble_MPs_Sheet1,60,69,Andhra Pradesh,andhra_pradesh,Balashowry Vallabbhaneni,Balashowry Vallabbhaneni,balashowry_vallabbhaneni,MACHILIPATNAM,machilipatnam,,,147000000,
61e520956c87f749,Allocated_Limit_for_Honble_MPs_Sheet1,61,268,Madhya Pradesh,madhya_pradesh,Mahendra Singh Solanky,Mahendra Singh Solanky,mahendra_singh_solanky,DEWAS(SC),dewas_sc,,,147000000,
c82052d0dd9e30e2,Allocated_Limit_for_Honble_MPs_Sheet1,62,357,Madhya Pradesh,madhya_pradesh,RAHUL SINGH LODHI,Rahul Singh Lodhi,rahul_singh_lodhi,DAMOH,damoh,,,163058785.37,
c05b4a9e63bda00b,Allocated_Limit_for_Honble_MPs_Sheet1,63,114,Tamil Nadu,tamil_nadu,CN Annadurai,Cn Annadurai,cn_annadurai,TIRUVANNAMALAI,tiruvannamalai,,,148579509.11,
1054dd499f59bf60,Allocated_Limit_for_Honble_MPs_Sheet1,64,470,Goa,goa,Shripad Yesso Naik,Shripad Yesso Naik,shripad_yesso_naik,NORTH GOA,north_goa,,,147000000,
87ce95b4aa2d5d6e,Allocated_Limit_for_Honble_MPs_Sheet1,65,410,Maharashtra,maharashtra,Sanjay Uttamrao Deshmukh,Sanjay Uttamrao Deshmukh,sanjay_uttamrao_deshmukh,YAVATMAL-WASHIM,yavatmal_washim,,,185640423,
5d2f5d70718d305b,Allocated_Limit_for_Honble_MPs_Sheet1,66,270,Uttar Pradesh,uttar_pradesh,Mahesh Sharma,Mahesh Sharma,mahesh_sharma,GAUTAM BUDDHA NAGAR,gautam_buddha_nagar,,,148816284.11,
05fa219be472471d,Allocated_Limit_for_Honble_MPs_Sheet1,67,45,Andhra Pradesh,andhra_pradesh,Appalanaidu Kalisetti,Appalanaidu Kalisetti,appalanaidu_kalisetti,VIZIANAGARAM,vizianagaram,,,147000000,
2d562e9cb4232314,Allocated_Limit_for_Honble_MPs_Sheet1,68,381,Karnataka,karnataka,Ramesh Chandappa Jigajinagi,Ramesh Chandappa Jigajinagi,ramesh_chandappa_jigajinagi,BIJAPUR(SC),bijapur_sc,,,269500000,
c9102cbc685a94fa,Allocated_Limit_for_Honble_MPs_Sheet1,69,168,Telangana,telangana,EATALA RAJENDER,Eatala Rajender,eatala_rajender,MALKAJGIRI,malkajgiri,,,327477390.86,
26371209578a7b86,Allocated_Limit_for_Honble_MPs_Sheet1,70,439,Rajasthan,rajasthan,Shri Arjun Ram Meghwal,Arjun Ram Meghwal,arjun_ram_meghwal,BIKANER(SC),bikaner_sc,,,147000000,
aa4e1fa962098c9d,Allocated_Limit_for_Honble_MPs_Sheet1,71,423,Kerala,kerala,SHAFI PARAMBIL,Shafi Parambil,shafi_parambil,VADAKARA,vadakara,,,147000000,
d359daf31c58eabd,Allocated_Limit_for_Honble_MPs_Sheet1,72,193,Delhi,delhi,Harsh Malhotra,Harsh Malhotra,harsh_malhotra,EAST DELHI,east_delhi,,,147134131,
97769b0ebde66d6d,Allocated_Limit_for_Honble_MPs_Sheet1,73,228,West Bengal,west_bengal,KALIPADA SAREN,Kalipada Saren,kalipada_saren,JHARGRAM(ST),jhargram_st,,,147000000,
0c9791a9e4c08b10,Allocated_Limit_for_Honble_MPs_Sheet1,74,531,Gujarat,gujarat,Vinod Chavda,Vinod Chavda,vinod_chavda,KACHCHH(SC),kachchh_sc,,,147000000,
e13230c5d38545a4,Allocated_Limit_for_Honble_MPs_Sheet1,75,452,West Bengal,west_bengal,Shri Jyotirmay Singh Mahato,Jyotirmay Singh Mahato,jyotirmay_singh_mahato,PURULIA,purulia,,,147000000,
39c279ed2879204e,Allocated_Limit_for_Honble_MPs_Sheet1,76,147,Gujarat,gujarat,DR. HEMANG JOSHI,Hemang Joshi,hemang_joshi,VADODARA,vadodara,,,147000000,
af3fdb9cda9a7bce,Allocated_Limit_for_Honble_MPs_Sheet1,77,93,Tripura,tripura,BIPLAB KUMAR DEB,Biplab Kumar Deb,biplab_kumar_deb,TRIPURA WEST,tripura_west,,,147000000,
2e65406df3ac6d7f,Allocated_Limit_for_Honble_MPs_Sheet1,78,215,Madhya Pradesh,madhya_pradesh,JYOTIRADITYA M. SCINDIA,Jyotiraditya M Scindia,jyotiraditya_m_scindia,GUNA,guna,,,147000000,
38b97d43c57a340c,Allocated_Limit_for_Honble_MPs_Sheet1,79,373,Uttar Pradesh,uttar_pradesh,RAKESH RATHOR,Rakesh Rathor,rakesh_rathor,SITAPUR,sitapur,,,147000000,
defe8ae334c16666,Allocated_Limit_for_Honble_MPs_Sheet1,80,355,Uttar Pradesh,uttar_pradesh,RAHUL GANDHI,Rahul Gandhi,rahul_gandhi,RAE BARELI,rae_bareli,,,147000000,
2f1e86c91d8771b1,Allocated_Limit_for_Honble_MPs_Sheet1,81,389,Uttar Pradesh,uttar_pradesh,Ravindra Shyamnarayan Alias Ravi Kishan Shukla,Ravindra Shyamnarayan Alias Ravi Kishan Shukla,ravindra_shyamnarayan_alias_ravi_kishan_shukla,GORAKHPUR,gorakhpur,,,147000000,
e3c62f417d8a0dc6,Allocated_Limit_for_Honble_MPs_Sheet1,82,267,Andhra Pradesh,andhra_pradesh,Magunta Sreenivasulu Reddy,Magunta Sreenivasulu Reddy,magunta_sreenivasulu_reddy,ONGOLE,ongole,,,147000000,
dc98e43d675b9abd,Allocated_Limit_for_Honble_MPs_Sheet1,83,505,Telangana,telangana,SURESH KUMAR SHETKAR,Suresh Kumar Shetkar,suresh_kumar_shetkar,ZAHIRABAD,zahirabad,,,147000000,
669dc8825f24c58f,Allocated_Limit_for_Honble_MPs_Sheet1,84,121,Madhya Pradesh,madhya_pradesh,DARSHAN SINGH CHOUDHARY,Darshan Singh Choudhary,darshan_singh_choudhary,HOSHANGABAD,hoshangabad,,,147000000,
3ef8b84b3b25281f,Allocated_Limit_for_Honble_MPs_Sheet1,85,234,Uttar Pradesh,uttar_pradesh,Kamlesh Paswan,Kamlesh Paswan,kamlesh_paswan,BANSGAON(SC),bansgaon_sc,,,147000000,
dbe1126c41d63f2a,Allocated_Limit_for_Honble_MPs_Sheet1,86,294,Maharashtra,maharashtra,MOHITE PATIL DHAIRYASHEEL RAJSINH,Mohite Patil Dhairyasheel Rajsinh,mohite_patil_dhairyasheel_rajsinh,MADHA,madha,,,195613601.7,
f42517f833cccfae,Allocated_Limit_for_Honble_MPs_Sheet1,87,80,Gujarat,gujarat,BHARATBHAI MANUBHAI SUTARIYA,Bharatbhai Manubhai Sutariya,bharatbhai_manubhai_sutariya,AMRELI,amreli,,,147000000,
d37b5cda921ecd6b,Allocated_Limit_for_Honble_MPs_Sheet1,88,378,Uttar Pradesh,uttar_pradesh,RAMASHANKAR RAJBHAR,Ramashankar Rajbhar,ramashankar_rajbhar,SALEMPUR,salempur,,,160056927.07,
edbd2c5ea0f0c3cd,Allocated_Limit_for_Honble_MPs_Sheet1,89,Grand Total,,,,,,,,,,83154562207.6,missing_mp_name|missing_state
5d113e7090cd8bf5,Allocated_Limit_for_Honble_MPs_Sheet1,90,533,Madhya Pradesh,madhya_pradesh,Virendra Kumar,Virendra Kumar,virendra_kumar,TIKAMGARH(SC),tikamgarh_sc,,,147000000,
06231404606de743,Allocated_Limit_for_Honble_MPs_Sheet1,91,132,Bihar,bihar,Dileshwar Kamait,Dileshwar Kamait,dileshwar_kamait,SUPAUL,supaul,,,150450930.89,
a545e1388e81bbfd,Allocated_Limit_for_Honble_MPs_Sheet1,92,424,Bihar,bihar,SHAMBHAVI,Shambhavi,shambhavi,SAMASTIPUR(SC),samastipur_sc,,,147000000,
75875fe3cfcbaa55,Allocated_Limit_for_Honble_MPs_Sheet1,93,293,Uttar Pradesh,uttar_pradesh,MOHIBBULLAH,Mohibbullah,mohibbullah,RAMPUR,rampur,,,147000000,
1cb091c76d60c462,Allocated_Limit_for_Honble_MPs_Sheet1,94,509,Uttar Pradesh,uttar_pradesh,TANUJ PUNIA,Tanuj Punia,tanuj_punia,BARABANKI(SC),barabanki_sc,,,148198170.11,
b0099087fab4e6fd,Allocated_Limit_for_Honble_MPs_Sheet1,95,148,Maharashtra,maharashtra,DR. HEMANT VISHNU SAVARA,Hemant Vishnu Savara,hemant_vishnu_savara,PALGHAR(ST),palghar_st,,,147000000,
bbf4470c02f8c7e3,Allocated_Limit_for_Honble_MPs_Sheet1,96,46,Bihar,bihar,ARUN BHARTI,Arun Bharti,arun_bharti,JAMUI(SC),jamui_sc,,,194924621.11,
95eeeede14145166,Allocated_Limit_for_Honble_MPs_Sheet1,97,333,Assam,assam,Pradyut Bordoloi,Pradyut Bordoloi,pradyut_bordoloi,NOWGONG,nowgong,,,98000000,
434d4d0100117615,Allocated_Limit_for_Honble_MPs_Sheet1,98,402,Meghalaya,meghalaya,SALENG A SANGMA,Saleng A Sangma,saleng_a_sangma,TURA,tura,,,147000000,
c08e9c3e0b228326,Allocated_Limit_for_Honble_MPs_Sheet1,99,371,Gujarat,gujarat,RAJPALSINH MAHENDRASINH JADAV,Rajpalsinh Mahendrasinh Jadav,rajpalsinh_mahendrasinh_jadav,PANCHMAHAL,panchmahal,,,147000000,
087344fccfbab6a1,Allocated_Limit_for_Honble_MPs_Sheet1,100,384,Assam,assam,RANJIT DUTTA,Ranjit Dutta,ranjit_dutta,SONITPUR,sonitpur,,,147000000,
783f8ebd232cc73a,Allocated_Limit_for_Honble_MPs_Sheet1,101,403,Odisha,odisha,SAMBIT PATRA,Sambit Patra,sambit_patra,PURI,puri,,,147000000,
72d78e50f65c3623,Allocated_Limit_for_Honble_MPs_Sheet1,102,526,Kerala,kerala,Vellalath Kochukrishnan Nair Sreekandan,Vellalath Kochukrishnan Nair Sreekandan,vellalath_kochukrishnan_nair_sreekandan,PALAKKAD,palakkad,,,147000000,
5da3345fb7283795,Allocated_Limit_for_Honble_MPs_Sheet1,103,443,Odisha,odisha,Shri Bhartruhari Mahtab,Bhartruhari Mahtab,bhartruhari_mahtab,CUTTACK,cuttack,,,147000000,
d25c51811e34e1f0,Allocated_Limit_for_Honble_MPs_Sheet1,104,171,Karnataka,karnataka,G. KUMAR NAIK,G Kumar Naik,g_kumar_naik,RAICHUR(ST),raichur_st,,,147000000,
e7e5b8e8bc389705,Allocated_Limit_for_Honble_MPs_Sheet1,105,75,Karnataka,karnataka,BASAVARAJ BOMMAI,Basavaraj Bommai,basavaraj_bommai,HAVERI,haveri,,,147000000,
2769ccd2a9aae22e,Allocated_Limit_for_Honble_MPs_Sheet1,106,208,Bihar,bihar,JITAN RAM MANJHI,Jitan Ram Manjhi,jitan_ram_manjhi,GAYA (SC),gaya_sc,,,147000000,
94873feeb759410e,Allocated_Limit_for_Honble_MPs_Sheet1,107,107,Punjab,punjab,CHARANJIT SINGH CHANNI,Charanjit Singh Channi,charanjit_singh_channi,JALANDHAR(SC),jalandhar_sc,,,147000000,
de92c0fa4da5286e,Allocated_Limit_for_Honble_MPs_Sheet1,108,5,West Bengal,west_bengal,Abu Taher Khan,Abu Taher Khan,abu_taher_khan,MURSHIDABAD,murshidabad,,,147000000,
9f2df89cf6573acc,Allocated_Limit_for_Honble_MPs_Sheet1,109,141,Maharashtra,maharashtra,DR KALGE SHIVAJI BANDAPPA,Kalge Shivaji Bandappa,kalge_shivaji_bandappa,LATUR(SC),latur_sc,,,147000000,
9e7b92f402a76fe5,Allocated_Limit_for_Honble_MPs_Sheet1,110,20,Manipur,manipur,ALFRED KANNGAM S ARTHUR,Alfred Kanngam S Arthur,alfred_kanngam_s_arthur,OUTER MANIPUR(ST),outer_manipur_st,,,147000000,
84db971ad95dc1ec,Allocated_Limit_for_Honble_MPs_Sheet1,111,89,Rajasthan,rajasthan,BHUPENDER YADAV,Bhupender Yadav,bhupender_yadav,ALWAR,alwar,,,147000000,
c1e51de693b6bbf1,Allocated_Limit_for_Honble_MPs_Sheet1,112,348,Andhra Pradesh,andhra_pradesh,Putta Mahesh Kumar,Putta Mahesh Kumar,putta_mahesh_kumar,ELURU,eluru,,,147000000,
fd0d475eedc3a5bb,Allocated_Limit_for_Honble_MPs_Sheet1,113,281,Rajasthan,rajasthan,MANJU SHARMA,Manju Sharma,manju_sharma,JAIPUR,jaipur,,,167082901.11,
371732c317c1f2fa,Allocated_Limit_for_Honble_MPs_Sheet1,114,416,Haryana,haryana,SATPAL BRAHAMCHARI,Satpal Brahamchari,satpal_brahamchari,SONEPAT,sonepat,,,147000000,
8c08dabdae9a9a95,Allocated_Limit_for_Honble_MPs_Sheet1,115,269,Chhattisgarh,chhattisgarh,MAHESH KASHYAP,Mahesh Kashyap,mahesh_kashyap,BASTAR(ST),bastar_st,,,147000000,
015dfe40c32ba7ac,Allocated_Limit_for_Honble_MPs_Sheet1,116,165,Rajasthan,rajasthan,Dushyant Singh,Dushyant Singh,dushyant_singh,JHALAWAR-BARAN,jhalawar_baran,,,147000000,
f68ceace47857134,Allocated_Limit_for_Honble_MPs_Sheet1,117,91,Jharkhand,jharkhand,Bidyut Baran Mahato,Bidyut Baran Mahato,bidyut_baran_mahato,JAMSHEDPUR,jamshedpur,,,147000000,
45d5ead8a2dd0240,Allocated_Limit_for_Honble_MPs_Sheet1,118,214,West Bengal,west_bengal,JUNE MALIAH,June Maliah,june_maliah,MEDINIPUR,medinipur,,,147000000,
adc7b7e92489e5ad,Allocated_Limit_for_Honble_MPs_Sheet1,119,399,Tamil Nadu,tamil_nadu,S. Jagathrakshakan,S Jagathrakshakan,s_jagathrakshakan,ARAKKONAM,arakkonam,,,180589332.34,
e74f330bc4ef5b69,Allocated_Limit_for_Honble_MPs_Sheet1,120,516,Chhattisgarh,chhattisgarh,TOKHAN SAHU,Tokhan Sahu,tokhan_sahu,BILASPUR,bilaspur,,,147000000,
cc27e8361b85a2d6,Allocated_Limit_for_Honble_MPs_Sheet1,121,498,Punjab,punjab,SUKHJINDER SINGH RANDHAWA,Sukhjinder Singh Randhawa,sukhjinder_singh_randhawa,GURDASPUR,gurdaspur,,,147000000,
fe6e2e40eda75039,Allocated_Limit_for_Honble_MPs_Sheet1,122,427,West Bengal,west_bengal,Shatrughan Sinha,Shatrughan Sinha,shatrughan_sinha,ASANSOL,asansol,,,147000000,
e01860958f36996c,Allocated_Limit_for_Honble_MPs_Sheet1,123,481,Madhya Pradesh,madhya_pradesh,Smt Himadri Singh,Himadri Singh,himadri_singh,SHAHDOL (ST),shahdol_st,,,150724861.11,
b01bb377fc73abda,Allocated_Limit_for_Honble_MPs_Sheet1,124,301,Tamil Nadu,tamil_nadu,MURASOLI S,Murasoli S,murasoli_s,THANJAVUR,thanjavur,,,147000000,
ad23109750b0590e,Allocated_Limit_for_Honble_MPs_Sheet1,125,447,Rajasthan,rajasthan,Shri Hanuman Beniwal,Hanuman Beniwal,hanuman_beniwal,NAGAUR,nagaur,,,147000000,
9a159dd36f91723b,Allocated_Limit_for_Honble_MPs_Sheet1,126,247,Telangana,telangana,Kishan Reddy Gangapuram,Kishan Reddy Gangapuram,kishan_reddy_gangapuram,SECUNDERABAD,secunderabad,,,147000000,
5b81e104f105f353,Allocated_Limit_for_Honble_MPs_Sheet1,127,245,Arunachal Pradesh,arunachal_pradesh,Kiren Rijiju,Kiren Rijiju,kiren_rijiju,ARUNACHAL WEST,arunachal_west,,,147000000,
fdea84027423d23f,Allocated_Limit_for_Honble_MPs_Sheet1,128,12,Uttar Pradesh,uttar_pradesh,AFZAL ANSARI,Afzal Ansari,afzal_ansari,GHAZIPUR,ghazipur,,,220500000,
7716c72cb2931a26,Allocated_Limit_for_Honble_MPs_Sheet1,129,405,Maharashtra,maharashtra,SANJAY DINA PATIL,Sanjay Dina Patil,sanjay_dina_patil,MUMBAI NORTH EAST,mumbai_north_east,,,147000000,
9d7c42f90e6286e5,Allocated_Limit_for_Honble_MPs_Sheet1,130,319,Uttar Pradesh,uttar_pradesh,Pankaj Chowdhary,Pankaj Chowdhary,pankaj_chowdhary,MAHARAJGANJ_UP,maharajganj_up,,,147000000,
debf4dabc11c1f07,Allocated_Limit_for_Honble_MPs_Sheet1,131,484,Tamil Nadu,tamil_nadu,Smt S Jothimani,S Jothimani,s_jothimani,KARUR,karur,,,147000000,
a9a489c3f84b9fd3,Allocated_Limit_for_Honble_MPs_Sheet1,132,14,Uttarakhand,uttarakhand,Ajay Bhatt,Ajay Bhatt,ajay_bhatt,NAINITAL UDHAM SINGH NAG.,nainital_udham_singh_nag,,,147000000,
62908b388d7a8163,Allocated_Limit_for_Honble_MPs_Sheet1,133,335,Maharashtra,maharashtra,PRANITI SUSHILKUMAR SHINDE,Praniti Sushilkumar Shinde,praniti_sushilkumar_shinde,SOLAPUR(SC),solapur_sc,,,147000000,
0199b65ee397a1ff,Allocated_Limit_for_Honble_MPs_Sheet1,134,453,Tamil Nadu,tamil_nadu,Shri Karti P Chidambaram,Karti P Chidambaram,karti_p_chidambaram,SIVAGANGA,sivaganga,,,159049284.11,
2f748005558be0d2,Allocated_Limit_for_Honble_MPs_Sheet1,135,522,Karnataka,karnataka,V. SOMANNA,V Somanna,v_somanna,TUMKUR,tumkur,,,147000000,
1056ddc777ee8cb1,Allocated_Limit_for_Honble_MPs_Sheet1,136,200,Karnataka,karnataka,JAGADISH SHETTAR,Jagadish Shettar,jagadish_shettar,BELGAUM,belgaum,,,147000000,
63d9d61628363ecc,Allocated_Limit_for_Honble_MPs_Sheet1,137,346,Uttar Pradesh,uttar_pradesh,Prof SP Singh Baghel,Sp Singh Baghel,sp_singh_baghel,AGRA(SC),agra_sc,,,147000000,
37d04dcaf4c28bfa,Allocated_Limit_for_Honble_MPs_Sheet1,138,456,Kerala,kerala,Shri M K Raghavan,M K Raghavan,m_k_raghavan,KOZHIKODE,kozhikode,,,147000000,
ca051a863f1f0525,Allocated_Limit_for_Honble_MPs_Sheet1,139,54,Madhya Pradesh,madhya_pradesh,ASHISH DUBEY,Ashish Dubey,ashish_dubey,JABALPUR,jabalpur,,,147000000,
b81436e3d63154c4,Allocated_Limit_for_Honble_MPs_Sheet1,140,157,Madhya Pradesh,madhya_pradesh,DR. RAJESH MISHRA,Rajesh Mishra,rajesh_mishra,SIDHI,sidhi,,,262724510.35,
8d09e0e85401ba1e,Allocated_Limit_for_Honble_MPs_Sheet1,141,70,Telangana,telangana,BALRAM NAIK PORIKA,Balram Naik Porika,balram_naik_porika,MAHABUBABAD,mahabubabad,,,147000000,
eba90d7a76692a60,Allocated_Limit_for_Honble_MPs_Sheet1,142,540,Andhra Pradesh,andhra_pradesh,Y S Avinash Reddy,Y S Avinash Reddy,y_s_avinash_reddy,KADAPA,kadapa,,,156430260.11,
a8d7f13ee0a85169,Allocated_Limit_for_Honble_MPs_Sheet1,143,191,Gujarat,gujarat,HARIBHAI PATEL,Haribhai Patel,haribhai_patel,MAHESANA,mahesana,,,147000000,
a0fe71deb5cf7bf6,Allocated_Limit_for_Honble_MPs_Sheet1,144,279,Jharkhand,jharkhand,MANISH JAISWAL,Manish Jaiswal,manish_jaiswal,HAZARIBAGH,hazaribagh,,,147000000,
706180d0a71d2eef,Allocated_Limit_for_Honble_MPs_Sheet1,145,343,Kerala,kerala,Priyanka Gandhi Vadra,Priyanka Gandhi Vadra,priyanka_gandhi_vadra,WAYANAD,wayanad,,,122500000,
35d9ac6780a3fc55,Allocated_Limit_for_Honble_MPs_Sheet1,146,163,Tamil Nadu,tamil_nadu,DURAI VAIKO,Durai Vaiko,durai_vaiko,TIRUCHIRAPPALLI,tiruchirappalli,,,147000000,
e89210542ac462b3,Allocated_Limit_for_Honble_MPs_Sheet1,147,308,Maharashtra,maharashtra,NARESH GANPAT MHASKE,Naresh Ganpat Mhaske,naresh_ganpat_mhaske,THANE,thane,,,147000000,
af19b7f3d1e040c1,Allocated_Limit_for_Honble_MPs_Sheet1,148,27,Rajasthan,rajasthan,AMRARAM,Amraram,amraram,SIKAR,sikar,,,165691544.11,
5b3d6a46f6c1a4bf,Allocated_Limit_for_Honble_MPs_Sheet1,149,176,Tamil Nadu,tamil_nadu,Ganesan Selvam,Ganesan Selvam,ganesan_selvam,KANCHEEPURAM(SC),kancheepuram_sc,,,186508749.11,
98f0d50138887aaf,Allocated_Limit_for_Honble_MPs_Sheet1,150,142,Bihar,bihar,Dr Mohammad Jawed,Mohammad Jawed,mohammad_jawed,KISHANGANJ,kishanganj,,,148669229.11,
5ffed2d6931a7af4,Allocated_Limit_for_Honble_MPs_Sheet1,151,178,Assam,assam,GAURAV GOGOI,Gaurav Gogoi,gaurav_gogoi,JORHAT,jorhat,,,147000000,
38321b4b2bd3a47d,Allocated_Limit_for_Honble_MPs_Sheet1,152,213,Assam,assam,JOYANTA BASUMATARY,Joyanta Basumatary,joyanta_basumatary,KOKRAJHAR (ST),kokrajhar_st,,,147000000,
f2fb94bc9c045fd4,Allocated_Limit_for_Honble_MPs_Sheet1,153,78,Rajasthan,rajasthan,BHAJAN LAL JATAV,Bhajan Lal Jatav,bhajan_lal_jatav,KARAULI-DHOLPUR(SC),karauli_dholpur_sc,,,147000000,
f3b3b9c18966601e,Allocated_Limit_for_Honble_MPs_Sheet1,154,140,West Bengal,west_bengal,Dr Jayanta Kumar Roy,Jayanta Kumar Roy,jayanta_kumar_roy,JALPAIGURI(SC),jalpaiguri_sc,,,147000000,
3a5a17a89c38aeb9,Allocated_Limit_for_Honble_MPs_Sheet1,155,476,Uttar Pradesh,uttar_pradesh,Smt Anupriya Patel,Anupriya Patel,anupriya_patel,MIRZAPUR,mirzapur,,,147000000,
a6ee6b054623c960,Allocated_Limit_for_Honble_MPs_Sheet1,156,212,Jharkhand,jharkhand,JOBA MAJHI,Joba Majhi,joba_majhi,SINGHBHUM(ST),singhbhum_st,,,147000000,
42aed1dadb5f2ad0,Allocated_Limit_for_Honble_MPs_Sheet1,157,73,Delhi,delhi,Bansuri Swaraj,Bansuri Swaraj,bansuri_swaraj,NEW DELHI,new_delhi,,,154306950,
c0baef1929485137,Allocated_Limit_for_Honble_MPs_Sheet1,158,514,Tamil Nadu,tamil_nadu,Thiru Dayanidhi Maran,Thiru Dayanidhi Maran,thiru_dayanidhi_maran,CHENNAI CENTRAL,chennai_central,,,147000000,
b1e5738c99865cfe,Allocated_Limit_for_Honble_MPs_Sheet1,159,63,Uttar Pradesh,uttar_pradesh,BABU SINGH KUSHWAHA,Babu Singh Kushwaha,babu_singh_kushwaha,JAUNPUR,jaunpur,,,147000000,
b5fb9e31d923378d,Allocated_Limit_for_Honble_MPs_Sheet1,160,397,Nagaland,nagaland,S SUPONGMEREN JAMIR,S Supongmeren Jamir,s_supongmeren_jamir,NAGALAND,nagaland,,,147000000,
3751bd6a0ae05978,Allocated_Limit_for_Honble_MPs_Sheet1,161,537,Madhya Pradesh,madhya_pradesh,Vishnu Dutt Sharma,Vishnu Dutt Sharma,vishnu_dutt_sharma,KHAJURAHO,khajuraho,,,147000000,
af7ac840c621bf50,Allocated_Limit_for_Honble_MPs_Sheet1,162,503,Kerala,kerala,SURESH GOPI,Suresh Gopi,suresh_gopi,THRISSUR,thrissur,,,147000000,
33e07cb623aade4e,Allocated_Limit_for_Honble_MPs_Sheet1,163,181,Bihar,bihar,Giriraj Singh,Giriraj Singh,giriraj_singh,BEGUSARAI,begusarai,,,147000000,
fcfc9c20c2b81fe9,Allocated_Limit_for_Honble_MPs_Sheet1,164,130,Uttar Pradesh,uttar_pradesh,DHARMENDRA YADAV,Dharmendra Yadav,dharmendra_yadav,AZAMGARH,azamgarh,,,147000000,
a09e7dbfc4a5a4b7,Allocated_Limit_for_Honble_MPs_Sheet1,165,252,Haryana,haryana,Krishan Pal Gurjar,Krishan Pal Gurjar,krishan_pal_gurjar,FARIDABAD,faridabad,,,147000000,
8d8bfd5a14853bc2,Allocated_Limit_for_Honble_MPs_Sheet1,166,490,Bihar,bihar,Smt Veena Devi,Veena Devi,veena_devi,VAISHALI,vaishali,,,147000000,
6d7dddd18a8e02e5,Allocated_Limit_for_Honble_MPs_Sheet1,167,528,Uttar Pradesh,uttar_pradesh,Vijay Kumar Dubey,Vijay Kumar Dubey,vijay_kumar_dubey,KUSHI NAGAR,kushi_nagar,,,148900000,
281bfe6898956c06,Allocated_Limit_for_Honble_MPs_Sheet1,168,462,Uttar Pradesh,uttar_pradesh,Shri Satish Kumar Gautam,Satish Kumar Gautam,satish_kumar_gautam,ALIGARH,aligarh,,,147000000,
e89fe6513fdd649e,Allocated_Limit_for_Honble_MPs_Sheet1,169,467,Tamil Nadu,tamil_nadu,Shri vijayakumar Vasanth,Vijayakumar Vasanth,vijayakumar_vasanth,KANNIYAKUMARI,kanniyakumari,,,171500000,
2f3c5eb4811f71c9,Allocated_Limit_for_Honble_MPs_Sheet1,170,323,Karnataka,karnataka,Parvatagouda Chandanagouda Gaddigoudar,Parvatagouda Chandanagouda Gaddigoudar,parvatagouda_chandanagouda_gaddigoudar,BAGALKOT,bagalkot,,,167541747.11,
c5d262c2a5ea8761,Allocated_Limit_for_Honble_MPs_Sheet1,171,376,Uttar Pradesh,uttar_pradesh,Ram Shiromani,Ram Shiromani,ram_shiromani,SHRAWASTI,shrawasti,,,151746878.11,
603dae8f40f18474,Allocated_Limit_for_Honble_MPs_Sheet1,172,3,Bihar,bihar,ABHAY KUMAR SINHA,Abhay Kumar Sinha,abhay_kumar_sinha,AURANGABAD_BR,aurangabad_br,,,147000000,
e4b813204ea6d3cf,Allocated_Limit_for_Honble_MPs_Sheet1,173,19,Uttar Pradesh,uttar_pradesh,AKSHAYA YADAV,Akshaya Yadav,akshaya_yadav,FIROZABAD,firozabad,,,147000000,
34d50cd7b7446a33,Allocated_Limit_for_Honble_MPs_Sheet1,174,183,Telangana,telangana,GODAM NAGESH,Godam Nagesh,godam_nagesh,ADILABAD(ST),adilabad_st,,,147000000,
529d64981406a000,Allocated_Limit_for_Honble_MPs_Sheet1,175,303,Odisha,odisha,NABA CHARAN MAJHI,Naba Charan Majhi,naba_charan_majhi,MAYURBHANJ (ST),mayurbhanj_st,,,147563957.11,
8494f070f4c5cf88,Allocated_Limit_for_Honble_MPs_Sheet1,176,77,Rajasthan,rajasthan,Bhagirath Chaudhary,Bhagirath Chaudhary,bhagirath_chaudhary,AJMER,ajmer,,,147000000,
201daba6741d5898,Allocated_Limit_for_Honble_MPs_Sheet1,177,380,Uttar Pradesh,uttar_pradesh,RAMESH AWASTHI,Ramesh Awasthi,ramesh_awasthi,KANPUR,kanpur,,,147000000,
7a6469a7035ce7af,Allocated_Limit_for_Honble_MPs_Sheet1,178,185,Karnataka,karnataka,GOVIND MAKTHAPPA KARJOL,Govind Makthappa Karjol,govind_makthappa_karjol,CHITRADURGA(SC),chitradurga_sc,,,147000000,
9d5db84f67c66521,Allocated_Limit_for_Honble_MPs_Sheet1,179,431,Karnataka,karnataka,SHOBHA KARANDLAJE,Shobha Karandlaje,shobha_karandlaje,BANGALORE NORTH,bangalore_north,,,147000000,
5e1c7fdbbc72f4c7,Allocated_Limit_for_Honble_MPs_Sheet1,180,358,Bihar,bihar,RAJ BHUSHAN CHOUDHARY,Raj Bhushan Choudhary,raj_bhushan_choudhary,MUZAFFARPUR,muzaffarpur,,,147000000,
209ddfb6d2a126db,Allocated_Limit_for_Honble_MPs_Sheet1,181,289,Andhra Pradesh,andhra_pradesh,Midhun Reddy,Midhun Reddy,midhun_reddy,RAJAMPET,rajampet,,,178951477.11,
1ff41108c4665a74,Allocated_Limit_for_Honble_MPs_Sheet1,182,492,Bihar,bihar,SUDAMA PRASAD,Sudama Prasad,sudama_prasad,ARRAH,arrah,,,147000000,
5905bd9f660f32b2,Allocated_Limit_for_Honble_MPs_Sheet1,183,437,Gujarat,gujarat,Shri Amit Shah,Amit Shah,amit_shah,GANDHINAGAR,gandhinagar,,,147000000,
b910139af57383e0,Allocated_Limit_for_Honble_MPs_Sheet1,184,231,Assam,assam,KAMAKHYA PRASAD TASA,Kamakhya Prasad Tasa,kamakhya_prasad_tasa,KAZIRANGA,kaziranga,,,147000000,
49d26c455b00e7a4,Allocated_Limit_for_Honble_MPs_Sheet1,185,172,Maharashtra,maharashtra,GAIKWAD VARSHA EKNATH,Gaikwad Varsha Eknath,gaikwad_varsha_eknath,MUMBAI NORTH-CENTRAL,mumbai_north_central,,,147000000,
724a7be2b9e45940,Allocated_Limit_for_Honble_MPs_Sheet1,186,53,Telangana,telangana,Asaduddin Owaisi,Asaduddin Owaisi,asaduddin_owaisi,HYDERABAD,hyderabad,,,147000000,
1817b12f47262aca,Allocated_Limit_for_Honble_MPs_Sheet1,187,67,Maharashtra,maharashtra,BAJRANG MANOHAR SONWANE,Bajrang Manohar Sonwane,bajrang_manohar_sonwane,BEED,beed,,,165899107.19,
1ba8e14dfb24280e,Allocated_Limit_for_Honble_MPs_Sheet1,188,219,Tamil Nadu,tamil_nadu,K Subbarayan,K Subbarayan,k_subbarayan,TIRUPPUR,tiruppur,,,147000000,
a58f3502e6e50d07,Allocated_Limit_for_Honble_MPs_Sheet1,189,134,Bihar,bihar,Dinesh Chandra Yadav,Dinesh Chandra Yadav,dinesh_chandra_yadav,MADHEPURA,madhepura,,,150070866.11,
52e2237c29445d4a,Allocated_Limit_for_Honble_MPs_Sheet1,190,145,Kerala,kerala,Dr Shashi Tharoor,Shashi Tharoor,shashi_tharoor,THIRUVANANTHAPURAM,thiruvananthapuram,,,147000000,
25692cafcb57eb5d,Allocated_Limit_for_Honble_MPs_Sheet1,191,216,Chhattisgarh,chhattisgarh,Jyotsna Charandas Mahant,Jyotsna Charandas Mahant,jyotsna_charandas_mahant,KORBA,korba,,,155153738.11,
a7d0fee4993181b2,Allocated_Limit_for_Honble_MPs_Sheet1,192,169,Tamil Nadu,tamil_nadu,ESWARASAMY K,Eswarasamy K,eswarasamy_k,POLLACHI,pollachi,,,162315106.11,
d143036c90f3764c,Allocated_Limit_for_Honble_MPs_Sheet1,193,465,Kerala,kerala,Shri Suresh Kodikunnil,Suresh Kodikunnil,suresh_kodikunnil,MAVELIKKARA(SC),mavelikkara_sc,,,172429519.11,
f8b8b332ffc011e5,Allocated_Limit_for_Honble_MPs_Sheet1,194,415,Tamil Nadu,tamil_nadu,Sasikanth Senthil,Sasikanth Senthil,sasikanth_senthil,TIRUVALLUR(SC),tiruvallur_sc,,,171500000,
bd3acb3313f60ad2,Allocated_Limit_for_Honble_MPs_Sheet1,195,159,West Bengal,west_bengal,DR. SHARMILA SARKAR,Sharmila Sarkar,sharmila_sarkar,BARDHAMAN PURBA(SC),bardhaman_purba_sc,,,147000000,
6a126e970a60e961,Allocated_Limit_for_Honble_MPs_Sheet1,196,359,Rajasthan,rajasthan,RAJ KUMAR ROAT,Raj Kumar Roat,raj_kumar_roat,BANSWARA(ST),banswara_st,,,147000000,
7e79436b33edba56,Allocated_Limit_for_Honble_MPs_Sheet1,197,521,Tamil Nadu,tamil_nadu,V S Matheswaran,V S Matheswaran,v_s_matheswaran,NAMAKKAL,namakkal,,,162539930.11,
abb781323e673b9b,Allocated_Limit_for_Honble_MPs_Sheet1,198,532,Uttar Pradesh,uttar_pradesh,VINOD KUMAR BIND,Vinod Kumar Bind,vinod_kumar_bind,BHADOHI,bhadohi,,,147000000,
344ad502c387bf5d,Allocated_Limit_for_Honble_MPs_Sheet1,199,501,Bihar,bihar,Sunil Kumar,Sunil Kumar,sunil_kumar,VALMIKI NAGAR,valmiki_nagar,,,147000000,
a4169bf1ff1719ec,Allocated_Limit_for_Honble_MPs_Sheet1,200,146,West Bengal,west_bengal,Dr Sukanta Majumdar,Sukanta Majumdar,sukanta_majumdar,BALURGHAT,balurghat,,,157085364.9,
380173e15478e29a,Allocated_Limit_for_Honble_MPs_Sheet1,201,304,Jharkhand,jharkhand,NALIN SOREN,Nalin Soren,nalin_soren,DUMKA(ST),dumka_st,,,147364097.11,
d5c56da32e483882,Allocated_Limit_for_Honble_MPs_Sheet1,202,104,Rajasthan,rajasthan,Chandra Prakash Joshi,Chandra Prakash Joshi,chandra_prakash_joshi,CHITTORGARH,chittorgarh,,,147000000,
5216755d36d3a8f7,Allocated_Limit_for_Honble_MPs_Sheet1,203,61,West Bengal,west_bengal,AZAD KIRTI JHA,Azad Kirti Jha,azad_kirti_jha,BARDHAMAN-DURGAPUR,bardhaman_durgapur,,,179658399.98,
f0046c034587480b,Allocated_Limit_for_Honble_MPs_Sheet1,204,173,Madhya Pradesh,madhya_pradesh,Gajendra Singh Patel,Gajendra Singh Patel,gajendra_singh_patel,KHARGONE(ST),khargone_st,,,147000000,
18cae2501a6411a8,Allocated_Limit_for_Honble_MPs_Sheet1,205,506,Uttar Pradesh,uttar_pradesh,Swami Sachchidanandhari Sakshi ji Maharaj,Swami Sachchidanandhari Sakshi Ji Maharaj,swami_sachchidanandhari_sakshi_ji_maharaj,UNNAO,unnao,,,147000000,
f3b79b1ae78cfb59,Allocated_Limit_for_Honble_MPs_Sheet1,206,362,Himachal Pradesh,himachal_pradesh,RAJEEV BHARDWAJ,Rajeev Bhardwaj,rajeev_bhardwaj,KANGRA,kangra,,,179388967.11,
5a869363a99c7df6,Allocated_Limit_for_Honble_MPs_Sheet1,207,18,Uttar Pradesh,uttar_pradesh,AKHILESH YADAV,Akhilesh Yadav,akhilesh_yadav,KANNAUJ,kannauj,,,147000000,
d75116f18042d438,Allocated_Limit_for_Honble_MPs_Sheet1,208,258,Uttar Pradesh,uttar_pradesh,LALJI VERMA,Lalji Verma,lalji_verma,AMBEDKAR NAGAR,ambedkar_nagar,,,147000000,
2c3c76666302d900,Allocated_Limit_for_Honble_MPs_Sheet1,209,21,Bihar,bihar,Alok Kumar Suman,Alok Kumar Suman,alok_kumar_suman,GOPALGANJ (SC),gopalganj_sc,,,147000000,
76ea25f9636adfc8,Allocated_Limit_for_Honble_MPs_Sheet1,210,131,Gujarat,gujarat,DHAVAL LAXMANBHAI PATEL,Dhaval Laxmanbhai Patel,dhaval_laxmanbhai_patel,VALSAD(ST),valsad_st,,,147000000,
a6d01ab0806d43e4,Allocated_Limit_for_Honble_MPs_Sheet1,211,218,Kerala,kerala,K RADHAKRISHNAN,K Radhakrishnan,k_radhakrishnan,ALATHUR(SC),alathur_sc,,,147000000,
56da56beff942ff6,Allocated_Limit_for_Honble_MPs_Sheet1,212,340,Delhi,delhi,Praveen Khandelwal,Praveen Khandelwal,praveen_khandelwal,CHANDINI CHOWK,chandini_chowk,,,147470276,
062ffaf796a5a7f3,Allocated_Limit_for_Honble_MPs_Sheet1,213,422,Tamil Nadu,tamil_nadu,SELVARAJ V,Selvaraj V,selvaraj_v,NAGAPATTINAM(SC),nagapattinam_sc,,,147000000,
689928a4f922bd02,Allocated_Limit_for_Honble_MPs_Sheet1,214,386,Rajasthan,rajasthan,Rao Rajendra Singh,Rao Rajendra Singh,rao_rajendra_singh,JAIPUR RURAL,jaipur_rural,,,147000000,
fb19b7fea369a995,Allocated_Limit_for_Honble_MPs_Sheet1,215,464,Madhya Pradesh,madhya_pradesh,Shri Sudheer Gupta,Sudheer Gupta,sudheer_gupta,MANDSOUR,mandsour,,,148988014.83,
17933c80a2015f2e,Allocated_Limit_for_Honble_MPs_Sheet1,216,150,Madhya Pradesh,madhya_pradesh,DR. LATA WANKHEDE,Lata Wankhede,lata_wankhede,SAGAR,sagar,,,147000000,
203df880d5df4a00,Allocated_Limit_for_Honble_MPs_Sheet1,217,13,Jammu And Kashmir,jammu_and_kashmir,AGA SYED RUHULLAH MEHDI,Aga Syed Ruhullah Mehdi,aga_syed_ruhullah_mehdi,SRINAGAR,srinagar,,,147000000,
82456e5d4ed11abc,Allocated_Limit_for_Honble_MPs_Sheet1,218,320,Assam,assam,PARIMAL SUKLABAIDYA,Parimal Suklabaidya,parimal_suklabaidya,SILCHAR,silchar,,,148300157.11,
60ca8c75a19bc058,Allocated_Limit_for_Honble_MPs_Sheet1,219,372,West Bengal,west_bengal,Raju Bista,Raju Bista,raju_bista,DARJEELING,darjeeling,,,147000000,
70312569ff103351,Allocated_Limit_for_Honble_MPs_Sheet1,220,363,Uttar Pradesh,uttar_pradesh,RAJEEV RAI,Rajeev Rai,rajeev_rai,GHOSI,ghosi,,,147000000,
7b1b296c5bb9ac91,Allocated_Limit_for_Honble_MPs_Sheet1,221,248,Uttar Pradesh,uttar_pradesh,KISHORI LAL,Kishori Lal,kishori_lal,AMETHI,amethi,,,171500000,
91f9c846ac1d1544,Allocated_Limit_for_Honble_MPs_Sheet1,222,449,Bihar,bihar,Shri Janardan Singh Sigriwal,Janardan Singh Sigriwal,janardan_singh_sigriwal,MAHARAJGANJ_BR,maharajganj_br,,,147000000,
a70bcaa37b794a02,Allocated_Limit_for_Honble_MPs_Sheet1,223,189,Karnataka,karnataka,H.D. KUMARASWAMY,H D Kumaraswamy,h_d_kumaraswamy,MANDYA,mandya,,,147000000,
4dcbf7184ccdb07c,Allocated_Limit_for_Honble_MPs_Sheet1,224,480,Uttar Pradesh,uttar_pradesh,Smt Hema Malini,Hema Malini,hema_malini,MATHURA,mathura,,,147000000,
db5743d4b7e3adea,Allocated_Limit_for_Honble_MPs_Sheet1,225,15,Bihar,bihar,Ajay Kumar Mandal,Ajay Kumar Mandal,ajay_kumar_mandal,BHAGALPUR,bhagalpur,,,147000000,
4716eedac6abc541,Allocated_Limit_for_Honble_MPs_Sheet1,226,455,Karnataka,karnataka,Shri LS Tejasvi Surya,Ls Tejasvi Surya,ls_tejasvi_surya,BANGALORE SOUTH,bangalore_south,,,147000000,
1408389d8e56f25e,Allocated_Limit_for_Honble_MPs_Sheet1,227,76,Andhra Pradesh,andhra_pradesh,BASTIPATI NAGARAJU PANCHALINGALA,Bastipati Nagaraju Panchalingala,bastipati_nagaraju_panchalingala,KURNOOL,kurnool,,,159998515.11,
fbbd896f56c496df,Allocated_Limit_for_Honble_MPs_Sheet1,228,446,Punjab,punjab,Shri Gurjeet Singh Aujla,Gurjeet Singh Aujla,gurjeet_singh_aujla,AMRITSAR,amritsar,,,147000000,
e2f52033a16d34af,Allocated_Limit_for_Honble_MPs_Sheet1,229,40,Uttar Pradesh,uttar_pradesh,ANOOP PRADHAN BALMIKI,Anoop Pradhan Balmiki,anoop_pradhan_balmiki,HATHRAS (SC),hathras_sc,,,147000000,
a086aafd27142ad1,Allocated_Limit_for_Honble_MPs_Sheet1,230,254,Andhra Pradesh,andhra_pradesh,Krishna Prasad Tenneti,Krishna Prasad Tenneti,krishna_prasad_tenneti,BAPATLA,bapatla,,,167796849.11,
f25bbb4e5788c859,Allocated_Limit_for_Honble_MPs_Sheet1,231,511,Tamil Nadu,tamil_nadu,Thalikkottai Rajuthevar Baalu,Thalikkottai Rajuthevar Baalu,thalikkottai_rajuthevar_baalu,SRIPERUMBUDUR,sriperumbudur,,,196905535.11,
29fddbc3523484ed,Allocated_Limit_for_Honble_MPs_Sheet1,232,411,Rajasthan,rajasthan,SANJNA JATAV,Sanjna Jatav,sanjna_jatav,BHARATPUR(SC),bharatpur_sc,,,147000000,
7b07b792f439debd,Allocated_Limit_for_Honble_MPs_Sheet1,233,266,Telangana,telangana,MADHAVANENI RAGHUNANDAN RAO,Madhavaneni Raghunandan Rao,madhavaneni_raghunandan_rao,MEDAK,medak,,,147000000,
61429d5037545cbb,Allocated_Limit_for_Honble_MPs_Sheet1,234,280,Chandigarh,chandigarh,MANISH TEWARI,Manish Tewari,manish_tewari,CHANDIGARH,chandigarh,,,178351443.75,
2b59b0251805ee8b,Allocated_Limit_for_Honble_MPs_Sheet1,235,188,Madhya Pradesh,madhya_pradesh,Gyaneshwar Patil,Gyaneshwar Patil,gyaneshwar_patil,KHANDWA,khandwa,,,155690684.77,
fa6b0bb70d77a00d,Allocated_Limit_for_Honble_MPs_Sheet1,236,179,Gujarat,gujarat,GENIBEN NAGAJI THAKOR,Geniben Nagaji Thakor,geniben_nagaji_thakor,BANASKANTHA,banaskantha,,,147000000,
ad833af81f6fa342,Allocated_Limit_for_Honble_MPs_Sheet1,237,457,Uttar Pradesh,uttar_pradesh,Shri Narendra Modi,Narendra Modi,narendra_modi,VARANASI,varanasi,,,162070276.11,
354790990a7224b7,Allocated_Limit_for_Honble_MPs_Sheet1,238,420,Haryana,haryana,SELJA,Selja,selja,SIRSA(SC),sirsa_sc,,,147000000,
f1c12bf4b67f83e2,Allocated_Limit_for_Honble_MPs_Sheet1,239,482,Gujarat,gujarat,Smt Poonamben Hematbhai Maadam,Poonamben Hematbhai Maadam,poonamben_hematbhai_maadam,JAMNAGAR,jamnagar,,,147000000,
848c8d06cd1abe51,Allocated_Limit_for_Honble_MPs_Sheet1,240,241,Bihar,bihar,Kaushalendra Kumar,Kaushalendra Kumar,kaushalendra_kumar,NALANDA,nalanda,,,147000000,
0385a7c9b024418a,Allocated_Limit_for_Honble_MPs_Sheet1,241,201,West Bengal,west_bengal,Jagannath Sarkar,Jagannath Sarkar,jagannath_sarkar,RANAGHAT(SC),ranaghat_sc,,,147000000,
9fc282ba55517958,Allocated_Limit_for_Honble_MPs_Sheet1,242,238,Uttar Pradesh,uttar_pradesh,KANWAR SINGH TANWAR,Kanwar Singh Tanwar,kanwar_singh_tanwar,AMROHA,amroha,,,147000000,
3b3d6ac5c962dcda,Allocated_Limit_for_Honble_MPs_Sheet1,243,292,Ladakh,ladakh,Mohamed Haneefa,Mohamed Haneefa,mohamed_haneefa,LADAKH,ladakh,,,161114542,
7e27010b109d6a04,Allocated_Limit_for_Honble_MPs_Sheet1,244,512,Tamil Nadu,tamil_nadu,THANGA TAMILSELVAN,Thanga Tamilselvan,thanga_tamilselvan,THENI,theni,,,147000000,
af1657977dc1e360,Allocated_Limit_for_Honble_MPs_Sheet1,245,352,Bihar,bihar,Radha Mohan Singh,Radha Mohan Singh,radha_mohan_singh,PURVI CHAMPARAN,purvi_champaran,,,147000000,
31924c7d6a205078,Allocated_Limit_for_Honble_MPs_Sheet1,246,377,Telangana,telangana,RAMASAHAYAM RAGHURAM REDDY,Ramasahayam Raghuram Reddy,ramasahayam_raghuram_reddy,KHAMMAM,khammam,,,147000000,
7191f498e779162c,Allocated_Limit_for_Honble_MPs_Sheet1,247,43,Uttar Pradesh,uttar_pradesh,Anurag Sharma,Anurag Sharma,anurag_sharma,JHANSI,jhansi,,,147000000,
91f0a631d76e685b,Allocated_Limit_for_Honble_MPs_Sheet1,248,16,Uttarakhand,uttarakhand,Ajay Tamta,Ajay Tamta,ajay_tamta,ALMORA(SC),almora_sc,,,147000000,
7907f91d890e4604,Allocated_Limit_for_Honble_MPs_Sheet1,249,318,Karnataka,karnataka,P C Mohan,P C Mohan,p_c_mohan,BANGALORE CENTRAL,bangalore_central,,,159995711.11,
03cb4967a7dda8cd,Allocated_Limit_for_Honble_MPs_Sheet1,250,324,The Dadra And Nagar Haveli And Daman And Diu,the_dadra_and_nagar_haveli_and_daman_and_diu,PATEL UMESHBHAI BABUBHAI,Patel Umeshbhai Babubhai,patel_umeshbhai_babubhai,DAMAN AND DIU,daman_and_diu,,,245063957,
f552ee8184e5de9b,Allocated_Limit_for_Honble_MPs_Sheet1,251,222,Telangana,telangana,KADIYAM KAVYA,Kadiyam Kavya,kadiyam_kavya,WARANGEL(SC),warangel_sc,,,147000000,
7094a5614d90fa6e,Allocated_Limit_for_Honble_MPs_Sheet1,252,364,Bihar,bihar,RAJESH RANJAN ALIAS PAPPU YADAV,Rajesh Ranjan Alias Pappu Yadav,rajesh_ranjan_alias_pappu_yadav,PURNEA,purnea,,,147000000,
6d543044cacbb8d5,Allocated_Limit_for_Honble_MPs_Sheet1,253,342,Uttar Pradesh,uttar_pradesh,PRIYA SAROJ,Priya Saroj,priya_saroj,MACHHLISHAHR(SC),machhlishahr_sc,,,147000000,
dfa43f9d3cbdd834,Allocated_Limit_for_Honble_MPs_Sheet1,254,290,Bihar,bihar,MISHA BHARTI,Misha Bharti,misha_bharti,PATALIPUTRA,pataliputra,,,147000000,
71cd9ac42cc5bea6,Allocated_Limit_for_Honble_MPs_Sheet1,255,515,Tamil Nadu,tamil_nadu,Thirumaa Valavan Thol,Thirumaa Valavan Thol,thirumaa_valavan_thol,CHIDAMBARAM(SC),chidambaram_sc,,,147000000,
20a4d440cbea2f39,Allocated_Limit_for_Honble_MPs_Sheet1,256,86,Uttar Pradesh,uttar_pradesh,Bhola Singh,Bhola Singh,bhola_singh,BULANDSHAHR(SC),bulandshahr_sc,,,147000000,
688c9a0624bf76f7,Allocated_Limit_for_Honble_MPs_Sheet1,257,297,Lakshadweep,lakshadweep,MUHAMMED HAMDULLAH SAYEED,Muhammed Hamdullah Sayeed,muhammed_hamdullah_sayeed,LAKSHADWEEP(ST),lakshadweep_st,,,153942460.41,
0e465ffe9bbe5187,Allocated_Limit_for_Honble_MPs_Sheet1,258,48,Tamil Nadu,tamil_nadu,ARUN NEHRU,Arun Nehru,arun_nehru,PERAMBALUR,perambalur,,,147000000,
60658740f1e0cb61,Allocated_Limit_for_Honble_MPs_Sheet1,259,8,Kerala,kerala,Adv Adoor Prakash,Adoor Prakash,adoor_prakash,ATTINGAL,attingal,,,147000000,
3b86d002ef6d757d,Allocated_Limit_for_Honble_MPs_Sheet1,260,543,Uttar Pradesh,uttar_pradesh,ZIA UR REHMAN,Zia Ur Rehman,zia_ur_rehman,SAMBHAL,sambhal,,,147000000,
5b188f36bd0d3596,Allocated_Limit_for_Honble_MPs_Sheet1,261,278,Tamil Nadu,tamil_nadu,Manickam Tagore B,Manickam Tagore B,manickam_tagore_b,VIRUDHUNAGAR,virudhunagar,,,147000000,
5a1ff5b15aba4eef,Allocated_Limit_for_Honble_MPs_Sheet1,262,227,Jharkhand,jharkhand,KALI CHARAN SINGH,Kali Charan Singh,kali_charan_singh,CHATRA,chatra,,,147000000,
1393bb9b8fc5130d,Allocated_Limit_for_Honble_MPs_Sheet1,263,39,Jharkhand,jharkhand,Annpurna Devi,Annpurna Devi,annpurna_devi,KODARMA,kodarma,,,166665931.8,
82cf91d71d7c058c,Allocated_Limit_for_Honble_MPs_Sheet1,264,494,Bihar,bihar,SUDHAKAR SINGH,Sudhakar Singh,sudhakar_singh,BUXAR,buxar,,,185211956.54,
7786073bc9a09fc5,Allocated_Limit_for_Honble_MPs_Sheet1,265,451,Jammu And Kashmir,jammu_and_kashmir,Shri Jugal Kishore Sharma,Jugal Kishore Sharma,jugal_kishore_sharma,JAMMU,jammu,,,147000000,
2b05048d9de974ee,Allocated_Limit_for_Honble_MPs_Sheet1,266,488,West Bengal,west_bengal,Smt Satabdi Roy (Banerjee),Satabdi Roy,satabdi_roy,BIRBHUM,birbhum,,,147000000,
35cb7374610f55db,Allocated_Limit_for_Honble_MPs_Sheet1,267,94,Andaman And Nicobar Islands,andaman_and_nicobar_islands,BISHNU PADA RAY,Bishnu Pada Ray,bishnu_pada_ray,ANDAMAN AND NICOBAR ISLANDS,andaman_and_nicobar_islands,,,147000000,
60a9d2fd1d026993,Allocated_Limit_for_Honble_MPs_Sheet1,268,525,Haryana,haryana,VARUN CHAUDHRY,Varun Chaudhry,varun_chaudhry,AMBALA (SC),ambala_sc,,,255454264,
31b56011b5fb2a47,Allocated_Limit_for_Honble_MPs_Sheet1,269,418,Madhya Pradesh,madhya_pradesh,SAVITRI THAKUR,Savitri Thakur,savitri_thakur,DHAR(ST),dhar_st,,,147000000,
56cd6e2d06f7c160,Allocated_Limit_for_Honble_MPs_Sheet1,270,230,Maharashtra,maharashtra,KALYAN VAIJINATHRAO KALE,Kalyan Vaijinathrao Kale,kalyan_vaijinathrao_kale,JALNA,jalna,,,147000000,
4716eca3e474529f,Allocated_Limit_for_Honble_MPs_Sheet1,271,287,Gujarat,gujarat,Mansukhbhai Dhanjibhai Vasava,Mansukhbhai Dhanjibhai Vasava,mansukhbhai_dhanjibhai_vasava,BHARUCH,bharuch,,,147000000,
b9ea0a1b0f85f36a,Allocated_Limit_for_Honble_MPs_Sheet1,272,487,Odisha,odisha,Smt Sangeeta Kumari Singh Deo,Sangeeta Kumari Singh Deo,sangeeta_kumari_singh_deo,BOLANGIR,bolangir,,,147000000,
08e43174e15d530f,Allocated_Limit_for_Honble_MPs_Sheet1,273,128,Maharashtra,maharashtra,DHANORKAR PRATIBHA SURESH ALIAS BALUBHAU,Dhanorkar Pratibha Suresh Alias Balubhau,dhanorkar_pratibha_suresh_alias_balubhau,CHANDRAPUR,chandrapur,,,147000000,
12fc397ba96347d0,Allocated_Limit_for_Honble_MPs_Sheet1,274,56,Bihar,bihar,Ashok Kumar Yadav,Ashok Kumar Yadav,ashok_kumar_yadav,MADHUBANI,madhubani,,,147000000,
eaa2a14eaf745bb6,Allocated_Limit_for_Honble_MPs_Sheet1,275,313,Jharkhand,jharkhand,Nishikant Dubey,Nishikant Dubey,nishikant_dubey,GODDA,godda,,,147000000,
137f0330f2f6c525,Allocated_Limit_for_Honble_MPs_Sheet1,276,207,Gujarat,gujarat,Jaswantsinh Sumanbhai Bhabhor,Jaswantsinh Sumanbhai Bhabhor,jaswantsinh_sumanbhai_bhabhor,DAHOD(ST),dahod_st,,,147000000,
15e9f58a40b530da,Allocated_Limit_for_Honble_MPs_Sheet1,277,32,Tamil Nadu,tamil_nadu,Andimuthu Raja,Andimuthu Raja,andimuthu_raja,NILGIRIS(SC),nilgiris_sc,,,147000000,
26e9ff1703d1356b,Allocated_Limit_for_Honble_MPs_Sheet1,278,51,Telangana,telangana,Arvind Dharmapuri,Arvind Dharmapuri,arvind_dharmapuri,NIZAMABAD,nizamabad,,,281396355.11,
5ed04cc0e91105b2,Allocated_Limit_for_Honble_MPs_Sheet1,279,529,Jharkhand,jharkhand,Vijay Kumar Hansdak,Vijay Kumar Hansdak,vijay_kumar_hansdak,RAJMAHAL(ST),rajmahal_st,,,147223957.11,
72d1e8ec5a340eca,Allocated_Limit_for_Honble_MPs_Sheet1,280,388,Maharashtra,maharashtra,RAVINDRA DATTARAM WAIKAR,Ravindra Dattaram Waikar,ravindra_dattaram_waikar,MUMBAI NORTH WEST,mumbai_north_west,,,147000000,
dd0e7c543c2fa717,Allocated_Limit_for_Honble_MPs_Sheet1,281,211,Uttar Pradesh,uttar_pradesh,JITIN PRASADA,Jitin Prasada,jitin_prasada,PILIBHIT,pilibhit,,,147000000,
cdcfbbc9b02b3275,Allocated_Limit_for_Honble_MPs_Sheet1,282,327,Maharashtra,maharashtra,Piyush Vedprakash Goyal,Piyush Vedprakash Goyal,piyush_vedprakash_goyal,MUMBAI NORTH,mumbai_north,,,147000000,
312ced94e15deeb7,Allocated_Limit_for_Honble_MPs_Sheet1,283,466,Arunachal Pradesh,arunachal_pradesh,Shri Tapir Gao,Tapir Gao,tapir_gao,ARUNACHAL EAST,arunachal_east,,,147000000,
772fa898e8e8bf3f,Allocated_Limit_for_Honble_MPs_Sheet1,284,517,Uttarakhand,uttarakhand,TRIVENDRA SINGH RAWAT,Trivendra Singh Rawat,trivendra_singh_rawat,HARDWAR,hardwar,,,147000000,
ffb1926573618150,Allocated_Limit_for_Honble_MPs_Sheet1,285,50,West Bengal,west_bengal,ARUP CHAKRABORTY,Arup Chakraborty,arup_chakraborty,BANKURA,bankura,,,147000000,
0bcb0e5e5af36aa8,Allocated_Limit_for_Honble_MPs_Sheet1,286,49,Telangana,telangana,ARUNA. D. K,Aruna D K,aruna_d_k,MAHABUBNAGAR,mahabubnagar,,,147000000,
1dc424e58a7a4073,Allocated_Limit_for_Honble_MPs_Sheet1,287,98,Gujarat,gujarat,C R Patil,C R Patil,c_r_patil,NAVSARI,navsari,,,158532494.36,
5af36373d3ad7360,Allocated_Limit_for_Honble_MPs_Sheet1,288,209,Uttar Pradesh,uttar_pradesh,JITENDRA KUMAR DOHARE,Jitendra Kumar Dohare,jitendra_kumar_dohare,ETAWAH(SC),etawah_sc,,,188747306.26,
cfe599c9b1c82023,Allocated_Limit_for_Honble_MPs_Sheet1,289,341,Uttar Pradesh,uttar_pradesh,PRAVEEN PATEL,Praveen Patel,praveen_patel,PHULPUR,phulpur,,,151559884.09,
c7022d70351a6cc1,Allocated_Limit_for_Honble_MPs_Sheet1,290,125,Uttar Pradesh,uttar_pradesh,DEVESH SHAKYA,Devesh Shakya,devesh_shakya,ETAH,etah,,,147000000,
5f07bce5e18215a3,Allocated_Limit_for_Honble_MPs_Sheet1,291,243,West Bengal,west_bengal,Khalilur Rahaman,Khalilur Rahaman,khalilur_rahaman,JANGIPUR,jangipur,,,147000000,
4c2b4b7e4a11f06a,Allocated_Limit_for_Honble_MPs_Sheet1,292,68,Odisha,odisha,BALABHADRA MAJHI,Balabhadra Majhi,balabhadra_majhi,NABARANGPUR(ST),nabarangpur_st,,,147413962.11,
c6f4ca517044f959,Allocated_Limit_for_Honble_MPs_Sheet1,293,325,West Bengal,west_bengal,PATHAN YUSUF,Pathan Yusuf,pathan_yusuf,BAHARAMPUR,baharampur,,,147000000,
c5b69e94c53ce63d,Allocated_Limit_for_Honble_MPs_Sheet1,294,110,Maharashtra,maharashtra,CHHATRAPATI SHAHU SHAHAJI,Chhatrapati Shahu Shahaji,chhatrapati_shahu_shahaji,KOLHAPUR,kolhapur,,,147000000,
6cb1cb1429e1b6f6,Allocated_Limit_for_Honble_MPs_Sheet1,295,338,Maharashtra,maharashtra,Prataprao Jadhav,Prataprao Jadhav,prataprao_jadhav,BULDHANA,buldhana,,,147000000,
486e6613dac9a769,Allocated_Limit_for_Honble_MPs_Sheet1,296,500,Maharashtra,maharashtra,Sunil Dattatray Tatkare,Sunil Dattatray Tatkare,sunil_dattatray_tatkare,RAIGAD,raigad,,,147000000,
aab7d0873ddf40f3,Allocated_Limit_for_Honble_MPs_Sheet1,297,122,Haryana,haryana,DEEPENDER SINGH HOODA,Deepender Singh Hooda,deepender_singh_hooda,ROHTAK,rohtak,,,147000000,
f28a3ac504c47b89,Allocated_Limit_for_Honble_MPs_Sheet1,298,264,Tamil Nadu,tamil_nadu,M.K. VISHNUPRASAD,M K Vishnuprasad,m_k_vishnuprasad,CUDDALORE,cuddalore,,,147000000,
079afe48edbc6522,Allocated_Limit_for_Honble_MPs_Sheet1,299,305,Uttar Pradesh,uttar_pradesh,NARAYAN DAS AHIRWAR,Narayan Das Ahirwar,narayan_das_ahirwar,JALAUN(SC),jalaun_sc,,,147000000,
5b67f21eb84ea180,Allocated_Limit_for_Honble_MPs_Sheet1,300,170,Madhya Pradesh,madhya_pradesh,Faggan Singh Kulaste,Faggan Singh Kulaste,faggan_singh_kulaste,MANDLA(ST),mandla_st,,,151861648.41,
3fc3633dfabb45e3,Allocated_Limit_for_Honble_MPs_Sheet1,301,436,Punjab,punjab,Shri Amar Singh,Amar Singh,amar_singh,FATEHGARH SAHIB(SC),fatehgarh_sahib_sc,,,147000000,
c9839a4d2c2fa46e,Allocated_Limit_for_Honble_MPs_Sheet1,302,35,Uttarakhand,uttarakhand,ANIL BALUNI,Anil Baluni,anil_baluni,GARHWAL,garhwal,,,147000000,
680364cbfacf2cd9,Allocated_Limit_for_Honble_MPs_Sheet1,303,309,Haryana,haryana,NAVEEN JINDAL,Naveen Jindal,naveen_jindal,KURUKSHETRA,kurukshetra,,,147000000,
67f90cda9223d3ab,Allocated_Limit_for_Honble_MPs_Sheet1,304,534,Uttar Pradesh,uttar_pradesh,VIRENDRA SINGH,Virendra Singh,virendra_singh,CHANDAULI,chandauli,,,147000000,
8d6ec990c3c1d6c6,Allocated_Limit_for_Honble_MPs_Sheet1,305,459,Rajasthan,rajasthan,Shri PP Chaudhary,Pp Chaudhary,pp_chaudhary,PALI,pali,,,147000000,
e343127e15efecaf,Allocated_Limit_for_Honble_MPs_Sheet1,306,4,West Bengal,west_bengal,ABHIJIT GANGOPADHYAY,Abhijit Gangopadhyay,abhijit_gangopadhyay,TAMLUK,tamluk,,,147000000,
572c9347a95c65d9,Allocated_Limit_for_Honble_MPs_Sheet1,307,406,Maharashtra,maharashtra,Sanjay Haribhau Jadhav,Sanjay Haribhau Jadhav,sanjay_haribhau_jadhav,PARBHANI,parbhani,,,147000000,
ad2141b671ff7c07,Allocated_Limit_for_Honble_MPs_Sheet1,308,486,Madhya Pradesh,madhya_pradesh,Smt Sandhya Ray,Sandhya Ray,sandhya_ray,BHIND(SC),bhind_sc,,,147000000,
d96b3a0d855a73c3,Allocated_Limit_for_Honble_MPs_Sheet1,309,478,Uttar Pradesh,uttar_pradesh,Smt Dimple Yadav,Dimple Yadav,dimple_yadav,MAINPURI,mainpuri,,,192042469.11,
570ab305483144be,Allocated_Limit_for_Honble_MPs_Sheet1,310,385,Haryana,haryana,Rao Inderjit Singh,Rao Inderjit Singh,rao_inderjit_singh,GURGAON,gurgaon,,,147000000,
0a0f65500a084078,Allocated_Limit_for_Honble_MPs_Sheet1,311,302,Maharashtra,maharashtra,MURLIDHAR MOHOL,Murlidhar Mohol,murlidhar_mohol,PUNE,pune,,,147000000,
775a7c9fa76f7a7f,Allocated_Limit_for_Honble_MPs_Sheet1,312,11,Kerala,kerala,ADV K FRANCIS GEORGE,K Francis George,k_francis_george,KOTTAYAM,kottayam,,,188722256.11,
d6caa6cc48a13321,Allocated_Limit_for_Honble_MPs_Sheet1,313,174,Rajasthan,rajasthan,Gajendra Singh Shekhawat,Gajendra Singh Shekhawat,gajendra_singh_shekhawat,JODHPUR,jodhpur,,,147000000,
5b0d4c1c84c68676,Allocated_Limit_for_Honble_MPs_Sheet1,314,392,Tamil Nadu,tamil_nadu,ROBERT BRUCE C,Robert Bruce C,robert_bruce_c,TIRUNELVELI,tirunelveli,,,147475440.11,
8642fa02e3f62650,Allocated_Limit_for_Honble_MPs_Sheet1,315,116,Tamil Nadu,tamil_nadu,D Ravikumar,D Ravikumar,d_ravikumar,VILUPPURAM(SC),viluppuram_sc,,,197598306.11,
2d79faf56d969d5f,Allocated_Limit_for_Honble_MPs_Sheet1,316,417,West Bengal,west_bengal,Saumitra khan,Saumitra Khan,saumitra_khan,BISHNUPUR(SC),bishnupur_sc,,,147000000,
bc5948a7aeddeeee,Allocated_Limit_for_Honble_MPs_Sheet1,317,62,Andhra Pradesh,andhra_pradesh,B K PARTHASARATHI,B K Parthasarathi,b_k_parthasarathi,HINDUPUR,hindupur,,,160491894.11,
66e0fb47d33328d4,Allocated_Limit_for_Honble_MPs_Sheet1,318,232,Delhi,delhi,Kamaljeet Sehrawat,Kamaljeet Sehrawat,kamaljeet_sehrawat,WEST DELHI,west_delhi,,,147000000,
61de8c82a2e0b2f3,Allocated_Limit_for_Honble_MPs_Sheet1,319,265,Andhra Pradesh,andhra_pradesh,Maddila Gurumoorthy,Maddila Gurumoorthy,maddila_gurumoorthy,TIRUPATI(SC),tirupati_sc,,,180399007,
f80152f5cc7506a3,Allocated_Limit_for_Honble_MPs_Sheet1,320,225,Tamil Nadu,tamil_nadu,Kalanidhi Veeraswamy,Kalanidhi Veeraswamy,kalanidhi_veeraswamy,CHENNAI NORTH,chennai_north,,,171500000,
3b6ed72a34500130,Allocated_Limit_for_Honble_MPs_Sheet1,321,356,Rajasthan,rajasthan,Rahul Kaswan,Rahul Kaswan,rahul_kaswan,CHURU,churu,,,147000000,
16d99ca29e4185f6,Allocated_Limit_for_Honble_MPs_Sheet1,322,408,Telangana,telangana,Sanjay Kumar Bandi,Sanjay Kumar Bandi,sanjay_kumar_bandi,KARIMNAGAR,karimnagar,,,172775317.11,
06edb4a2cbc8288e,Allocated_Limit_for_Honble_MPs_Sheet1,323,530,Bihar,bihar,VIJAYLAKSHMI DEVI,Vijaylakshmi Devi,vijaylakshmi_devi,SIWAN,siwan,,,147000000,
e1bb7aefd78c956c,Allocated_Limit_for_Honble_MPs_Sheet1,324,103,Uttar Pradesh,uttar_pradesh,CHANDAN CHAUHAN,Chandan Chauhan,chandan_chauhan,BIJNOR,bijnor,,,147000000,
a4fdfe3ff72a1b56,Allocated_Limit_for_Honble_MPs_Sheet1,325,354,Chhattisgarh,chhattisgarh,RADHE SHYAM RATHIYA,Radhe Shyam Rathiya,radhe_shyam_rathiya,RAIGARH(ST),raigarh_st,,,159706972.09,
e2369a257f1c4e3b,Allocated_Limit_for_Honble_MPs_Sheet1,326,426,Uttar Pradesh,uttar_pradesh,SHASHANK MANI,Shashank Mani,shashank_mani,DEORIA,deoria,,,147000000,
9068f509c2a4a241,Allocated_Limit_for_Honble_MPs_Sheet1,327,441,Karnataka,karnataka,Shri B Y Raghavendra,B Y Raghavendra,b_y_raghavendra,SHIMOGA,shimoga,,,147000000,
e84c6adfd6760741,Allocated_Limit_for_Honble_MPs_Sheet1,328,311,Maharashtra,maharashtra,NILESH DNYANDEV LANKE,Nilesh Dnyandev Lanke,nilesh_dnyandev_lanke,AHMEDNAGAR,ahmednagar,,,147000000,
87e62f15334575f7,Allocated_Limit_for_Honble_MPs_Sheet1,329,401,Karnataka,karnataka,SAGAR ESHWAR KHANDRE,Sagar Eshwar Khandre,sagar_eshwar_khandre,BIDAR,bidar,,,147000000,
7c19991d31d1a5ad,Allocated_Limit_for_Honble_MPs_Sheet1,330,419,West Bengal,west_bengal,SAYANI GHOSH,Sayani Ghosh,sayani_ghosh,JADAVPUR,jadavpur,,,147000000,
aacb86e29829d847,Allocated_Limit_for_Honble_MPs_Sheet1,331,85,Chhattisgarh,chhattisgarh,BHOJRAJ NAG,Bhojraj Nag,bhojraj_nag,KANKER(ST),kanker_st,,,164672734.11,
0eb50b4888363d04,Allocated_Limit_for_Honble_MPs_Sheet1,332,542,Delhi,delhi,Yogendra Chandoliya,Yogendra Chandoliya,yogendra_chandoliya,NORTH WEST DELHI(SC),north_west_delhi_sc,,,147876307,
77fa03b22c3a67de,Allocated_Limit_for_Honble_MPs_Sheet1,333,244,Andhra Pradesh,andhra_pradesh,Kinjarapu Ram Mohan Naidu,Kinjarapu Ram Mohan Naidu,kinjarapu_ram_mohan_naidu,SRIKAKULAM,srikakulam,,,171200630.11,
88bdecbddb3344dc,Allocated_Limit_for_Honble_MPs_Sheet1,334,66,Odisha,odisha,BAIJAYANT PANDA,Baijayant Panda,baijayant_panda,KENDRAPARA,kendrapara,,,147000000,
c7de8a9f858b2db7,Allocated_Limit_for_Honble_MPs_Sheet1,335,65,West Bengal,west_bengal,BAG MITALI,Bag Mitali,bag_mitali,ARAMBAG(SC),arambag_sc,,,147000000,
5b4f9d7e28aab8a5,Allocated_Limit_for_Honble_MPs_Sheet1,336,273,West Bengal,west_bengal,Mala Roy,Mala Roy,mala_roy,KOLKATA DAKSHIN,kolkata_dakshin,,,147000000,
b1001fd58df9db8f,Allocated_Limit_for_Honble_MPs_Sheet1,337,485,West Bengal,west_bengal,Smt Sajda Ahmed,Sajda Ahmed,sajda_ahmed,ULUBERIA,uluberia,,,147000000,
83bd72973375dfac,Allocated_Limit_for_Honble_MPs_Sheet1,338,249,Telangana,telangana,KONDA VISHWESHWAR REDDY,Konda Vishweshwar Reddy,konda_vishweshwar_reddy,CHELVELLA,chelvella,,,233721420.96,
8f88ecfb14e6b6c5,Allocated_Limit_for_Honble_MPs_Sheet1,339,44,Himachal Pradesh,himachal_pradesh,Anurag Singh Thakur,Anurag Singh Thakur,anurag_singh_thakur,HAMIRPUR_HP,hamirpur_hp,,,149570117.11,
4a863c25f2c70012,Allocated_Limit_for_Honble_MPs_Sheet1,340,479,Punjab,punjab,Smt Harsimrat Kaur Badal,Harsimrat Kaur Badal,harsimrat_kaur_badal,BHATINDA,bhatinda,,,159775982.39,
c51a6951858c2b09,Allocated_Limit_for_Honble_MPs_Sheet1,341,429,Madhya Pradesh,madhya_pradesh,SHIVMANGAL SINGH TOMAR,Shivmangal Singh Tomar,shivmangal_singh_tomar,MORENA,morena,,,147000000,
e6256ee1e285096c,Allocated_Limit_for_Honble_MPs_Sheet1,342,124,Bihar,bihar,DEVESH CHANDRA THAKUR,Devesh Chandra Thakur,devesh_chandra_thakur,SITAMARHI,sitamarhi,,,163809205.11,
83d3ed79b92c31ea,Allocated_Limit_for_Honble_MPs_Sheet1,343,30,Uttar Pradesh,uttar_pradesh,ANAND KUMAR,Anand Kumar,anand_kumar,BAHRAICH(SC),bahraich_sc,,,147000000,
deeb4b4e7ed418ba,Allocated_Limit_for_Honble_MPs_Sheet1,344,123,Uttar Pradesh,uttar_pradesh,Devendra Alias Bhole Singh,Devendra Alias Bhole Singh,devendra_alias_bhole_singh,AKBARPUR,akbarpur,,,147000000,
04042eb14c1f60fd,Allocated_Limit_for_Honble_MPs_Sheet1,345,158,Uttar Pradesh,uttar_pradesh,DR. S P SINGH,S P Singh,s_p_singh,PRATAPGARH,pratapgarh,,,147000000,
e772079505c3490a,Allocated_Limit_for_Honble_MPs_Sheet1,346,407,Bihar,bihar,Sanjay Jaiswal,Sanjay Jaiswal,sanjay_jaiswal,PASCHIM CHAMPARAN,paschim_champaran,,,147000000,
0d1749a9767fa1ea,Allocated_Limit_for_Honble_MPs_Sheet1,347,375,Uttar Pradesh,uttar_pradesh,RAM PRASAD CHAUDHARY,Ram Prasad Chaudhary,ram_prasad_chaudhary,BASTI,basti,,,204176957.11,
307aec3265d4351a,Allocated_Limit_for_Honble_MPs_Sheet1,348,10,Maharashtra,maharashtra,ADV GOWAAL KAGADA PADAVI,Gowaal Kagada Padavi,gowaal_kagada_padavi,NANDURBAR(ST),nandurbar_st,,,147816309.11,
83ece3abcf74e625,Allocated_Limit_for_Honble_MPs_Sheet1,349,541,Karnataka,karnataka,YADUVEER KRISHNADATTA CHAMARAJA WADIYAR,Yaduveer Krishnadatta Chamaraja Wadiyar,yaduveer_krishnadatta_chamaraja_wadiyar,MYSORE,mysore,,,147000000,
e22a632528bf7c75,Allocated_Limit_for_Honble_MPs_Sheet1,350,166,Karnataka,karnataka,E. TUKARAM,E Tukaram,e_tukaram,BELLARY(ST),bellary_st,,,147000000,
8bfd5d31e149d1b8,Allocated_Limit_for_Honble_MPs_Sheet1,351,307,Uttar Pradesh,uttar_pradesh,NARESH CHANDRA UTTAM PATEL,Naresh Chandra Uttam Patel,naresh_chandra_uttam_patel,FATEHPUR,fatehpur,,,147000000,
28917ed519086293,Allocated_Limit_for_Honble_MPs_Sheet1,352,1,Maharashtra,maharashtra,AASHTIKAR PATIL NAGESH BAPURAO,Aashtikar Patil Nagesh Bapurao,aashtikar_patil_nagesh_bapurao,HINGOLI,hingoli,,,190289442,
0b51fd5baefb0ca4,Allocated_Limit_for_Honble_MPs_Sheet1,353,272,Uttarakhand,uttarakhand,Mala Rajya Laxmi Shah,Mala Rajya Laxmi Shah,mala_rajya_laxmi_shah,TEHRI GARHWAL,tehri_garhwal,,,147000000,
73ac37a5203791d9,Allocated_Limit_for_Honble_MPs_Sheet1,354,277,Tamil Nadu,tamil_nadu,MANI. A.,Mani A,mani_a,DHARAMAPURI,dharamapuri,,,164515071.11,
3f715657811a53e2,Allocated_Limit_for_Honble_MPs_Sheet1,355,83,Maharashtra,maharashtra,BHASKAR MURLIDHAR BHAGARE,Bhaskar Murlidhar Bhagare,bhaskar_murlidhar_bhagare,DINDORI(ST),dindori_st,,,147000000,
ed83c1b17e5e0ba7,Allocated_Limit_for_Honble_MPs_Sheet1,356,192,Rajasthan,rajasthan,HARISH CHANDRA MEENA,Harish Chandra Meena,harish_chandra_meena,TONK-SAWAI MADHOPUR,tonk_sawai_madhopur,,,147000000,
19951d6fa1d9a0dc,Allocated_Limit_for_Honble_MPs_Sheet1,357,440,Uttar Pradesh,uttar_pradesh,Shri Arun Kumar Sagar,Arun Kumar Sagar,arun_kumar_sagar,SHAHJAHANPUR(SC),shahjahanpur_sc,,,147000000,
91dcba3ab4c17416,Allocated_Limit_for_Honble_MPs_Sheet1,358,102,Telangana,telangana,CHAMALA KIRAN KUMAR REDDY,Chamala Kiran Kumar Reddy,chamala_kiran_kumar_reddy,BHONGIR,bhongir,,,147000000,
975b34ae065336bb,Allocated_Limit_for_Honble_MPs_Sheet1,359,458,Kerala,kerala,Shri NK Premachandran,Nk Premachandran,nk_premachandran,KOLLAM,kollam,,,171477994.11,
156ffc9dc3fb2ed5,Allocated_Limit_for_Honble_MPs_Sheet1,360,365,Bihar,bihar,RAJESH VERMA,Rajesh Verma,rajesh_verma,KHAGARIA,khagaria,,,147000000,
ff6f8e21f15e09f3,Allocated_Limit_for_Honble_MPs_Sheet1,361,448,Kerala,kerala,Shri Hibi Eden,Hibi Eden,hibi_eden,ERNAKULAM,ernakulam,,,162177260.11,
bd024125086dac14,Allocated_Limit_for_Honble_MPs_Sheet1,362,153,Karnataka,karnataka,DR. PRABHA MALLIKARJUN,Prabha Mallikarjun,prabha_mallikarjun,DAVANAGERE,davanagere,,,147000000,
33a78449c5757f8c,Allocated_Limit_for_Honble_MPs_Sheet1,363,321,Gujarat,gujarat,PARSHOTTAMBHAI RUPALA,Parshottambhai Rupala,parshottambhai_rupala,RAJKOT,rajkot,,,147000000,
aa7007710e649812,Allocated_Limit_for_Honble_MPs_Sheet1,364,55,Uttar Pradesh,uttar_pradesh,Ashok Kumar Rawat,Ashok Kumar Rawat,ashok_kumar_rawat,MISRIKH(SC),misrikh_sc,,,147000000,
c45d8a49b1ed7258,Allocated_Limit_for_Honble_MPs_Sheet1,365,260,Uttar Pradesh,uttar_pradesh,LAXMIKANT PAPPU NISHAD,Laxmikant Pappu Nishad,laxmikant_pappu_nishad,SANT KABIR NAGAR,sant_kabir_nagar,,,147000000,
c0921a2d37e883c0,Allocated_Limit_for_Honble_MPs_Sheet1,366,92,Assam,assam,BIJULI KALITA MEDHI,Bijuli Kalita Medhi,bijuli_kalita_medhi,GUWAHATI,guwahati,,,147000000,
59610d88442a8b12,Allocated_Limit_for_Honble_MPs_Sheet1,367,257,Telangana,telangana,KUNDURU RAGHUVEER,Kunduru Raghuveer,kunduru_raghuveer,NALGONDA,nalgonda,,,162952022,
e0cd8ffd7ebb5dc7,Allocated_Limit_for_Honble_MPs_Sheet1,368,435,West Bengal,west_bengal,Shri Abhishek Banerjee,Abhishek Banerjee,abhishek_banerjee,DIAMOND HARBOUR,diamond_harbour,,,147000000,
3537e3da6edb3a93,Allocated_Limit_for_Honble_MPs_Sheet1,369,369,Uttar Pradesh,uttar_pradesh,Rajkumar Chahar,Rajkumar Chahar,rajkumar_chahar,FATEHPUR SIKRI,fatehpur_sikri,,,147000000,
4ed13782360c10e6,Allocated_Limit_for_Honble_MPs_Sheet1,370,2,Jammu And Kashmir,jammu_and_kashmir,ABDUL RASHID SHEIKH,Abdul Rashid Sheikh,abdul_rashid_sheikh,BARAMULLAH,baramullah,,,154773472.11,
dcfbde6d09203f3d,Allocated_Limit_for_Honble_MPs_Sheet1,371,472,Maharashtra,maharashtra,Shyamkumar,Shyamkumar,shyamkumar,RAMTEK(SC),ramtek_sc,,,147000000,
27ab1256197dc6ef,Allocated_Limit_for_Honble_MPs_Sheet1,372,81,Gujarat,gujarat,Bharatsinhji Shankarji Dabhi,Bharatsinhji Shankarji Dabhi,bharatsinhji_shankarji_dabhi,PATAN,patan,,,147000000,
f04e05bcc3d9b9fa,Allocated_Limit_for_Honble_MPs_Sheet1,373,223,West Bengal,west_bengal,Kakoli Ghosh Dastidar,Kakoli Ghosh Dastidar,kakoli_ghosh_dastidar,BARASAT,barasat,,,147000000,
8c84e4d706b2f574,Allocated_Limit_for_Honble_MPs_Sheet1,374,495,West Bengal,west_bengal,Sudip Bandyopadhyay,Sudip Bandyopadhyay,sudip_bandyopadhyay,KOLKATA UTTAR,kolkata_uttar,,,147000000,
e5f08529a629ac13,Allocated_Limit_for_Honble_MPs_Sheet1,375,58,Uttar Pradesh,uttar_pradesh,ATUL GARG,Atul Garg,atul_garg,GHAZIABAD,ghaziabad,,,155336470,
7e4cc5ba6973d9e8,Allocated_Limit_for_Honble_MPs_Sheet1,376,175,Tamil Nadu,tamil_nadu,GANAPATHY RAJKUMAR P,Ganapathy Rajkumar P,ganapathy_rajkumar_p,COIMBATORE,coimbatore,,,147370490.11,
1c08a337a24717ae,Allocated_Limit_for_Honble_MPs_Sheet1,377,329,Gujarat,gujarat,Prabhubhai Nagarbhai Vasava,Prabhubhai Nagarbhai Vasava,prabhubhai_nagarbhai_vasava,BARDOLI(ST),bardoli_st,,,147000000,
7137fffd11e52633,Allocated_Limit_for_Honble_MPs_Sheet1,378,463,West Bengal,west_bengal,Shri Shantanu Thakur,Shantanu Thakur,shantanu_thakur,BANGAON(SC),bangaon_sc,,,147000000,
cf16d69bd17ecabc,Allocated_Limit_for_Honble_MPs_Sheet1,379,502,Bihar,bihar,SURENDRA PRASAD YADAV,Surendra Prasad Yadav,surendra_prasad_yadav,JAHANABAD,jahanabad,,,155325714,
e59f50625ad79021,Allocated_Limit_for_Honble_MPs_Sheet1,380,461,Assam,assam,Shri Sarbananda Sonowal (18LS),Sarbananda Sonowal,sarbananda_sonowal,DIBRUGARH,dibrugarh,,,147000000,
55216914c6f945d1,Allocated_Limit_for_Honble_MPs_Sheet1,381,59,Odisha,odisha,AVIMANYU SETHI,Avimanyu Sethi,avimanyu_sethi,BHADRAK(SC),bhadrak_sc,,,147000000,
69aa31e38e06e170,Allocated_Limit_for_Honble_MPs_Sheet1,382,370,Uttar Pradesh,uttar_pradesh,Rajnath Singh,Rajnath Singh,rajnath_singh,LUCKNOW,lucknow,,,154808797.11,
fca0b0ad52eef8ab,Allocated_Limit_for_Honble_MPs_Sheet1,383,395,Uttar Pradesh,uttar_pradesh,RUCHI VIRA,Ruchi Vira,ruchi_vira,MORADABAD,moradabad,,,147000000,
42eae61f29c55410,Allocated_Limit_for_Honble_MPs_Sheet1,384,6,West Bengal,west_bengal,ADHIKARI SOUMENDU,Adhikari Soumendu,adhikari_soumendu,KANTHI,kanthi,,,147000000,
b1d1dc6ff2197949,Allocated_Limit_for_Honble_MPs_Sheet1,385,284,Bihar,bihar,MANOJ KUMAR,Manoj Kumar,manoj_kumar,SASARAM(SC),sasaram_sc,,,147000000,
dd8f31c12eb4987e,Allocated_Limit_for_Honble_MPs_Sheet1,386,129,Odisha,odisha,DHARMENDRA PRADHAN,Dharmendra Pradhan,dharmendra_pradhan,SAMBALPUR,sambalpur,,,147000000,
b89fca427528886d,Allocated_Limit_for_Honble_MPs_Sheet1,387,271,Rajasthan,rajasthan,MAHIMA KUMARI MEWAR,Mahima Kumari Mewar,mahima_kumari_mewar,RAJSAMAND,rajsamand,,,183892143,
74480e4402dcda10,Allocated_Limit_for_Honble_MPs_Sheet1,388,240,West Bengal,west_bengal,KARTICK CHANDRA PAUL,Kartick Chandra Paul,kartick_chandra_paul,RAIGANJ,raiganj,,,202677986.56,
3eb2e0f7e462e5d0,Allocated_Limit_for_Honble_MPs_Sheet1,389,393,Madhya Pradesh,madhya_pradesh,Rodmal Nagar,Rodmal Nagar,rodmal_nagar,RAJGARH,rajgarh,,,147000000,
43d4449416130403,Allocated_Limit_for_Honble_MPs_Sheet1,390,196,Sikkim,sikkim,Indra Hang Subba,Indra Hang Subba,indra_hang_subba,SIKKIM,sikkim,,,152003923.11,
3a04decf4b056c98,Allocated_Limit_for_Honble_MPs_Sheet1,391,198,West Bengal,west_bengal,ISHA KHAN CHOUDHURY,Isha Khan Choudhury,isha_khan_choudhury,MALDAHA DAKSHIN,maldaha_dakshin,,,147000000,
27aa5bf686566a8d,Allocated_Limit_for_Honble_MPs_Sheet1,392,535,Maharashtra,maharashtra,VISHAL,Vishal,vishal,SANGLI,sangli,,,147000000,
e2380d03736c09e3,Allocated_Limit_for_Honble_MPs_Sheet1,393,306,Maharashtra,maharashtra,NARAYAN TATU RANE,Narayan Tatu Rane,narayan_tatu_rane,RATNAGIRI-SINDHUDURG,ratnagiri_sindhudurg,,,147000000,
263699c5ff5eefad,Allocated_Limit_for_Honble_MPs_Sheet1,394,217,Tamil Nadu,tamil_nadu,K E PRAKASH,K E Prakash,k_e_prakash,ERODE,erode,,,147000000,
b82c6fc8f2f4a84c,Allocated_Limit_for_Honble_MPs_Sheet1,395,520,Uttar Pradesh,uttar_pradesh,UTKARSH VERMA MADHUR,Utkarsh Verma Madhur,utkarsh_verma_madhur,KHERI,kheri,,,147000000,
2c31f519cec571a4,Allocated_Limit_for_Honble_MPs_Sheet1,396,82,Madhya Pradesh,madhya_pradesh,BHARTI PARDHI,Bharti Pardhi,bharti_pardhi,BALAGHAT,balaghat,,,154398389.01,
ef96dcb951551f99,Allocated_Limit_for_Honble_MPs_Sheet1,397,493,Tamil Nadu,tamil_nadu,SUDHA R,Sudha R,sudha_r,MAYILADUTHURAI,mayiladuthurai,,,147332315.11,
79f8a4c906829e91,Allocated_Limit_for_Honble_MPs_Sheet1,398,79,Madhya Pradesh,madhya_pradesh,BHARAT SINGH KUSHWAH,Bharat Singh Kushwah,bharat_singh_kushwah,GWALIOR,gwalior,,,151455276.04,
872434c4f83667e8,Allocated_Limit_for_Honble_MPs_Sheet1,399,57,West Bengal,west_bengal,Asit Kumar Mal,Asit Kumar Mal,asit_kumar_mal,BOLPUR(SC),bolpur_sc,,,275694456.74,
159760b2a0d9c97a,Allocated_Limit_for_Honble_MPs_Sheet1,400,25,Andhra Pradesh,andhra_pradesh,AMBICA G LAKSHMINARAYANA VALMIKI,Ambica G Lakshminarayana Valmiki,ambica_g_lakshminarayana_valmiki,ANANTAPUR,anantapur,,,201899064.11,
ac0fcbf70b062619,Allocated_Limit_for_Honble_MPs_Sheet1,401,387,Bihar,bihar,Ravi Shankar Prasad,Ravi Shankar Prasad,ravi_shankar_prasad,PATNA SAHIB,patna_sahib,,,147000000,
db3b04246d5ad8f8,Allocated_Limit_for_Honble_MPs_Sheet1,402,47,Uttar Pradesh,uttar_pradesh,ARUN GOVIL,Arun Govil,arun_govil,MEERUT,meerut,,,147000000,
6168c0f22f10d687,Allocated_Limit_for_Honble_MPs_Sheet1,403,253,Uttar Pradesh,uttar_pradesh,KRISHNA DEVI SHIVSHANKER PATEL,Krishna Devi Shivshanker Patel,krishna_devi_shivshanker_patel,BANDA,banda,,,147000000,
327b2d00517ccd29,Allocated_Limit_for_Honble_MPs_Sheet1,404,261,Bihar,bihar,LOVELY ANAND,Lovely Anand,lovely_anand,SHEOHAR,sheohar,,,147000000,
9692b6ad03b4200a,Allocated_Limit_for_Honble_MPs_Sheet1,405,71,Maharashtra,maharashtra,BALWANT BASWANT WANKHADE,Balwant Baswant Wankhade,balwant_baswant_wankhade,AMRAVATI(SC),amravati_sc,,,198293678,
1f4f2694b956149c,Allocated_Limit_for_Honble_MPs_Sheet1,406,445,West Bengal,west_bengal,Shri Deepak (Dev) Adhikari,Deepak Adhikari,deepak_adhikari,GHATAL,ghatal,,,200747364,
bdbf440d87e4c689,Allocated_Limit_for_Honble_MPs_Sheet1,407,489,Maharashtra,maharashtra,Smt Supriya Sadanand Sule,Supriya Sadanand Sule,supriya_sadanand_sule,BARAMATI,baramati,,,147000000,
8c4ba2a06162f563,Allocated_Limit_for_Honble_MPs_Sheet1,408,205,Madhya Pradesh,madhya_pradesh,Janardan Mishra,Janardan Mishra,janardan_mishra,REWA,rewa,,,147000000,
b248a11501ad4782,Allocated_Limit_for_Honble_MPs_Sheet1,409,299,Gujarat,gujarat,MUKESHKUMAR CHANDRAKAANT DALAL,Mukeshkumar Chandrakaant Dalal,mukeshkumar_chandrakaant_dalal,SURAT,surat,,,147000000,
ff117050bd9eee1c,Allocated_Limit_for_Honble_MPs_Sheet1,410,220,Kerala,kerala,K. C VENUGOPAL,K C Venugopal,k_c_venugopal,ALAPPUZHA,alappuzha,,,147000000,
138496d2c6090edd,Allocated_Limit_for_Honble_MPs_Sheet1,411,300,Rajasthan,rajasthan,MURARI LAL MEENA,Murari Lal Meena,murari_lal_meena,DAUSA(ST),dausa_st,,,147000000,
120873ea8cb5109d,Allocated_Limit_for_Honble_MPs_Sheet1,412,383,Delhi,delhi,Ramvir Singh Bidhuri,Ramvir Singh Bidhuri,ramvir_singh_bidhuri,SOUTH DELHI,south_delhi,,,147559100,
5d48216772a6981b,Allocated_Limit_for_Honble_MPs_Sheet1,413,135,Gujarat,gujarat,DINESHBHAI MAKWANA,Dineshbhai Makwana,dineshbhai_makwana,AHMEDABAD WEST(SC),ahmedabad_west_sc,,,160434965.11,
267c031df7351ee6,Allocated_Limit_for_Honble_MPs_Sheet1,414,276,Punjab,punjab,MALVINDER SINGH KANG,Malvinder Singh Kang,malvinder_singh_kang,ANANDPUR SAHIB,anandpur_sahib,,,147000000,
3f842a5829fb2702,Allocated_Limit_for_Honble_MPs_Sheet1,415,288,Jammu And Kashmir,jammu_and_kashmir,MIAN ALTAF AHMAD,Mian Altaf Ahmad,mian_altaf_ahmad,ANANTNAG,anantnag,,,147000000,
f5da2c13b56cec15,Allocated_Limit_for_Honble_MPs_Sheet1,416,382,Bihar,bihar,Ramprit Mandal,Ramprit Mandal,ramprit_mandal,JHANJHARPUR,jhanjharpur,,,147000000,
dcffe26e585c2e86,Allocated_Limit_for_Honble_MPs_Sheet1,417,127,Maharashtra,maharashtra,Dhairyasheel Sambhajirao Mane,Dhairyasheel Sambhajirao Mane,dhairyasheel_sambhajirao_mane,HATKANANGLE,hatkanangle,,,147000000,
a2d8d1def0f70ce4,Allocated_Limit_for_Honble_MPs_Sheet1,418,72,Maharashtra,maharashtra,BALYA MAMA SURESH GOPINATH MHATRE,Balya Mama Suresh Gopinath Mhatre,balya_mama_suresh_gopinath_mhatre,BHIWANDI,bhiwandi,,,147000000,
61d782d673865b68,Allocated_Limit_for_Honble_MPs_Sheet1,419,507,Tamil Nadu,tamil_nadu,T Sumathy (A) Thamizhachi Thangapandian,T Sumathy Thamizhachi Thangapandian,t_sumathy_thamizhachi_thangapandian,CHENNAI SOUTH,chennai_south,,,147000000,
e8c606c5c23aab89,Allocated_Limit_for_Honble_MPs_Sheet1,420,74,West Bengal,west_bengal,BAPI HALDAR,Bapi Haldar,bapi_haldar,MATHURAPUR(SC),mathurapur_sc,,,147000000,
1ca2128ff2b5b18c,Allocated_Limit_for_Honble_MPs_Sheet1,421,235,Himachal Pradesh,himachal_pradesh,Kangana Ranaut,Kangana Ranaut,kangana_ranaut,MANDI,mandi,,,147000000,
d5d0bd7d2c4ddb4b,Allocated_Limit_for_Honble_MPs_Sheet1,422,330,Assam,assam,Pradan Baruah,Pradan Baruah,pradan_baruah,LAKHIMPUR,lakhimpur,,,147000000,
a27dff9570a5e37a,Allocated_Limit_for_Honble_MPs_Sheet1,423,203,Haryana,haryana,JAI PARKASH,Jai Parkash,jai_parkash,HISAR,hisar,,,147000000,
56ad64b4c604c41a,Allocated_Limit_for_Honble_MPs_Sheet1,424,256,Rajasthan,rajasthan,KULDEEP INDORA,Kuldeep Indora,kuldeep_indora,GANGANAGAR(SC),ganganagar_sc,,,147000000,
2577a2a91187a290,Allocated_Limit_for_Honble_MPs_Sheet1,425,336,West Bengal,west_bengal,Prasun Banerjee,Prasun Banerjee,prasun_banerjee,HOWRAH,howrah,,,147000000,
f772cb66230b2508,Allocated_Limit_for_Honble_MPs_Sheet1,426,527,Chhattisgarh,chhattisgarh,Vijay Baghel,Vijay Baghel,vijay_baghel,DURG,durg,,,147000000,
1ab745b2cd08564b,Allocated_Limit_for_Honble_MPs_Sheet1,427,510,Bihar,bihar,TARIQ ANWAR,Tariq Anwar,tariq_anwar,KATIHAR,katihar,,,147000000,
987ed36353dacb3c,Allocated_Limit_for_Honble_MPs_Sheet1,428,368,Bihar,bihar,Rajiv Ranjan (Lalan) Singh,Rajiv Ranjan Singh,rajiv_ranjan_singh,MUNGER,munger,,,147000000,
e914669a76bed08a,Allocated_Limit_for_Honble_MPs_Sheet1,429,291,Gujarat,gujarat,Mitesh Rameshbhai Bakabhai Patel,Mitesh Rameshbhai Bakabhai Patel,mitesh_rameshbhai_bakabhai_patel,ANAND,anand,,,147000000,
ead9efdf22c0770a,Allocated_Limit_for_Honble_MPs_Sheet1,430,109,Uttar Pradesh,uttar_pradesh,CHHATRA PAL SINGH GANGWAR,Chhatra Pal Singh Gangwar,chhatra_pal_singh_gangwar,BAREILLY,bareilly,,,147000000,
652cab273f476d1f,Allocated_Limit_for_Honble_MPs_Sheet1,431,34,Manipur,manipur,ANGOMCHA BIMOL AKOIJAM,Angomcha Bimol Akoijam,angomcha_bimol_akoijam,INNER MANIPUR,inner_manipur,,,147000000,
744d510ddc99f4db,Allocated_Limit_for_Honble_MPs_Sheet1,432,138,Andhra Pradesh,andhra_pradesh,Dr Chandra Sekhar Pemmasani,Chandra Sekhar Pemmasani,chandra_sekhar_pemmasani,GUNTUR,guntur,,,159774113.11,
b479ed64b32128e6,Allocated_Limit_for_Honble_MPs_Sheet1,433,206,Gujarat,gujarat,JASHUBHAI BHILUBHAI RATHVA,Jashubhai Bhilubhai Rathva,jashubhai_bhilubhai_rathva,CHHOTA UDAIPUR(ST),chhota_udaipur_st,,,147000000,
8c4fa2906934d6cd,Allocated_Limit_for_Honble_MPs_Sheet1,434,162,Jharkhand,jharkhand,DULU MAHATO,Dulu Mahato,dulu_mahato,DHANBAD,dhanbad,,,147000000,
87b6ac0e76a4c792,Allocated_Limit_for_Honble_MPs_Sheet1,435,413,Odisha,odisha,Saptagiri Sankar Ulaka,Saptagiri Sankar Ulaka,saptagiri_sankar_ulaka,KORAPUT(ST),koraput_st,,,269500000,
